id,domain,status,purchase_price,renewal_price,attractiveness,demand,length,registrar,created_at,expires_at,status_verified_at
feac51cf-aaf9-4246-be58-ef922859741e,fishing.university,available,62.99,62.99,high,low,7,namesilo,,,27/09/2026 03:59
e4957c58-7794-4772-959f-17bd4cc31c48,canned.university,available,19.99,81.99,high,low,6,name.com,,,11/08/2026 17:10
62ea30e4-e5dd-44b5-a276-269eaea6e9dc,honolulu.university,premium,36.32,72.57,medium,low,8,porkbun,,,29/09/2026 00:20
3637b29c-9e86-402f-97ca-e1695d4562d4,judicious.university,available,19.99,81.99,high,low,9,name.com,,,21/08/2026 02:00
5de51416-4c9f-4ec3-9925-100344b678db,martha.university,available,19.99,,high,low,6,name.com,,,
cac98cc5-7799-4e57-8c8b-f703a00d8dda,diner.university,available,62.99,62.99,high,low,5,namesilo,,,29/09/2026 05:07
418435af-64e3-4507-97dd-9428c2d32f44,willing.university,available,62.99,62.99,high,low,7,namesilo,,,12/09/2026 05:42
05fd0695-2fb9-4415-a5b6-ee83fa978c26,exhausting.university,available,19.99,81.99,medium,low,10,name.com,,,14/08/2026 18:21
6b7932cd-64b4-48ab-99f4-b60d6357e81f,dudley.university,available,49.88,49.88,medium,low,6,spaceship,,,28/09/2026 12:03
a0286d1b-787f-4fd4-a5d7-dcd1160a7ffb,potentiality.university,available,19.99,,high,low,12,name.com,,,
24a8cd16-3c98-4e68-a149-5af2ae066567,spilled.university,available,48.2,48.2,low,low,7,cloudflare,,,28/09/2026 23:49
ecc3b5d0-2d03-4efd-99f1-0ec85f47d034,hatted.university,available,19.99,81.99,medium,low,6,name.com,,,21/08/2026 01:22
8509907c-9410-4bf5-ab33-87dc73251470,weighty.university,available,19.99,81.99,medium,low,7,name.com,,,12/08/2026 15:37
4f508b66-d885-4aa6-a62e-3ed5dbd4659f,unstoppable.university,available,19.99,,high,low,11,name.com,,,
79c57d61-9def-4d88-a87c-dd833ef1dfaf,listless.university,available,19.99,81.99,medium,low,8,name.com,,,14/08/2026 12:00
e836284e-2ab2-481a-afec-01fb963479ca,australasian.university,available,48.2,48.2,medium,low,12,cloudflare,,,29/09/2026 03:04
53691e9c-23ab-48b8-9074-55e4f9bd38da,unshaded.university,available,65.98,77.98,medium,low,8,namecheap,,,12/09/2026 19:27
58ebac9e-140f-4084-a52b-eee97080ffa9,owen.university,available,62.99,62.99,high,low,4,namesilo,,,25/09/2026 09:42
430ae2a9-a8eb-47d8-b8db-1d26f1517540,radial.university,available,62.99,62.99,high,low,6,namesilo,,,09/09/2026 09:30
aa8c4c58-ee2a-492b-979e-336016fcd800,heinrich.university,available,62.99,62.99,medium,low,8,namesilo,,,25/09/2026 21:51
5e7275a9-7252-45b6-b1c3-c12948654de3,compute.university,available,62.99,62.99,high,low,7,namesilo,,,19/09/2026 14:03
a7ec9820-9357-4ede-8894-7e8fb4ce4539,simple.university,available,62.99,62.99,high,medium,6,namesilo,,,28/09/2026 03:43
f923b482-d19b-4253-bc23-32ca8ea90ff6,dreyfus.university,available,62.99,62.99,medium,low,7,namesilo,,,18/09/2026 06:30
c45f5e2f-e2d2-456c-9fac-3fbae78bda2c,drugged.university,available,19.99,81.99,medium,low,7,name.com,,,14/08/2026 20:06
e4b2d6de-903e-48d8-a5d4-36fb3c2e22e3,annoyed.university,available,65.98,77.98,medium,low,7,namecheap,,,22/09/2026 05:18
a4346403-d8af-400e-abd3-5b3b76f7a12a,vascular.university,available,19.99,81.99,medium,low,8,name.com,,,13/09/2026 01:33
25ce7455-a05a-4395-9c73-dc1b49a0d1b3,detour.university,available,19.99,,high,low,6,name.com,,,
636ababa-f7ee-43dc-acce-a0b195542241,trendy.university,available,65.98,77.98,high,low,6,namecheap,,,11/09/2026 19:19
6076511d-0227-47b9-950c-0f7a5a3d7839,escaping.university,available,49.88,49.88,high,low,8,spaceship,,,28/09/2026 21:14
70a0b674-eccf-47cf-b274-635e2889b6d9,sunblind.university,available,62.99,62.99,medium,low,8,namesilo,,,21/09/2026 10:15
1d4400c9-fa8b-449f-8e63-d2cd85cb5c5d,recruiting.university,premium,68.51,68.51,high,low,10,spaceship,,,28/09/2026 21:30
842fe6a9-1cfe-47a2-8499-e3e936b85ae6,guatemalan.university,available,19.99,81.99,high,low,10,name.com,,,20/08/2026 20:45
407dc663-75eb-4367-8b2e-e5123e68b255,indocile.university,available,19.99,81.99,medium,low,8,name.com,,,22/08/2026 03:18
40b45ded-7f30-49f7-bcde-53897d48598d,metcalf.university,available,49.88,49.88,medium,low,7,spaceship,,,28/09/2026 18:20
b94a5279-23a8-4a72-8468-3b3f44329557,biosensors.university,available,62.99,62.99,medium,low,10,namesilo,,,21/09/2026 02:37
bfeba24d-1d82-4beb-8452-3927c9d3b1f9,vaginal.university,available,62.99,62.99,medium,low,7,namesilo,,,13/09/2026 00:49
bff95bd5-f042-4f05-9ae1-b4696a9f6bc8,perch.university,available,19.99,81.99,high,low,5,name.com,,,
edecb38f-09fe-48df-84ae-ad9b8cf2d5b2,languages.university,premium,78.54,78.54,medium,low,9,namesilo,,,
39e82936-67e6-4619-9a94-6a67964bc721,inmate.university,available,65.98,77.98,medium,low,6,namecheap,,,24/09/2026 18:00
0949c0d6-7abc-4e91-830f-6d2752e05e83,liability.university,available,48.2,48.2,medium,low,9,cloudflare,,,28/09/2026 09:46
6f1b8cad-31da-40b8-aacc-56d5c17cd8f6,baneful.university,available,19.99,81.99,low,low,7,name.com,,,08/08/2026 09:44
c8744a0a-94be-4d17-94d2-a1fcd1c5edb6,easily.university,available,62.99,62.99,high,low,6,namesilo,,,24/09/2026 13:14
0717755a-157c-40c2-a1e9-4ae66bad698d,alfresco.university,available,19.99,81.99,medium,low,8,name.com,,,
ca2041c1-4250-4e8f-98f9-c9bbf3b6cde1,steadily.university,available,62.99,62.99,medium,low,8,namesilo,,,10/09/2026 19:32
2c3bfbcd-bc4d-4545-8f9d-85728880efdf,kev.university,available,62.99,62.99,high,low,3,namesilo,,,29/09/2026 03:20
70e0d522-9089-490e-8611-8d6628c755af,cuteness.university,available,62.99,62.99,high,low,8,namesilo,,,24/09/2026 20:43
77fd0c93-26cb-4171-a407-d0ab70028c8b,muntjac.university,available,62.99,62.99,medium,low,7,namesilo,,,22/09/2026 06:28
758cb2bb-dc43-41ea-a01a-c914e617eecc,secondhand.university,available,62.99,62.99,high,low,10,namesilo,,,10/09/2026 01:09
a91d36e5-e710-4638-a8a4-643a4b77cbd4,becquerel.university,available,62.99,62.99,medium,low,9,namesilo,,,19/09/2026 15:23
d31250d4-7390-45be-b439-f62e702fb2bd,pants.university,available,62.99,62.99,high,low,5,namesilo,,,24/09/2026 06:17
da51719f-2c1f-4c57-ab54-2b71807d37c3,broached.university,available,19.99,81.99,medium,low,8,name.com,,,
390d85ca-bcf0-417a-8a54-19bf7c7429d3,allopathy.university,available,62.99,62.99,medium,low,9,namesilo,,,18/09/2026 12:00
cddcd689-a559-4f7e-9365-8b55eb3efc36,severed.university,available,19.99,81.99,medium,low,7,name.com,,,13/08/2026 12:32
ecc41642-cec9-44d6-97ad-b58e12cdcc01,ardeidae.university,available,62.99,62.99,medium,low,8,namesilo,,,20/09/2026 03:06
96773040-9f55-4b07-a2a9-787843a9201a,flowing.university,available,19.99,81.99,high,low,7,name.com,,,18/08/2026 09:11
57a1932c-bd5d-40ba-9c8b-3f12ecdcb44f,affiliation.university,available,19.99,,high,low,11,name.com,,,
4903b724-5fb8-47f2-827a-ed257b218a37,illustrated.university,available,19.99,,high,low,11,name.com,,,
5ceeae7a-1605-4705-a0b5-9e38ff7a08a7,tests.university,available,62.99,62.99,high,low,5,namesilo,,,17/09/2026 22:12
85903c46-be07-4f35-8960-5d0fe7421aec,bather.university,available,62.99,62.99,medium,low,6,namesilo,,,22/09/2026 13:31
e7165b0b-213f-415d-a533-241ffc4aa3fb,theme.university,available,109.99,109.99,high,low,5,godaddy,,,28/09/2026 01:44
f131c257-c2f0-4cda-911e-53013334a6d4,homosexual.university,available,19.99,81.99,high,low,10,name.com,,,18/08/2026 20:54
c091d580-d36e-4ac1-a1a5-6fad9fb959ef,probative.university,available,62.99,62.99,medium,low,9,namesilo,,,09/09/2026 02:27
aed391a4-fcd1-4e34-9a80-ecd99550e5f1,effects.university,available,65.98,77.98,high,low,7,namecheap,,,27/09/2026 03:49
665bac48-f41e-4280-badf-684ebd866265,regarding.university,available,62.99,62.99,high,low,9,namesilo,,,27/09/2026 06:20
0c18f23e-1baf-4b7d-b9e8-1e13693eeb44,despotic.university,available,19.99,81.99,medium,low,8,name.com,,,07/08/2026 18:58
21bcc19a-7610-4f77-851d-c69a1973aa39,forbidding.university,available,19.99,81.99,medium,low,10,name.com,,,18/08/2026 11:08
9aea82ce-05a3-4789-97f7-f59db59b7c29,advisors.university,premium,118.8,118.8,medium,low,8,namesilo,,,28/09/2026 17:13
d0d40091-87b5-45da-bffa-56aa5943ff5a,adamantine.university,available,19.99,81.99,medium,low,10,name.com,,,
719933d9-baa0-4ac9-96f8-e310cc7e2200,pets.university,available,48.2,48.2,low,low,4,cloudflare,,,28/09/2026 08:51
28dbcc47-9395-4fcd-80f3-15cbcaf3f81f,shade.university,available,109.99,109.99,high,low,5,godaddy,,,28/09/2026 02:00
342dda8e-27b6-47d7-92b1-18a39bc0a8e6,judgment.university,available,19.99,,high,low,8,name.com,,,
b0ba82da-2fd3-4287-8afc-65daa361ab21,flawed.university,available,19.99,81.99,medium,low,6,name.com,,,18/08/2026 07:18
2a0103ff-6ae7-40d6-a038-d7eab3eb4d2d,published.university,available,62.99,62.99,high,low,9,namesilo,,,27/09/2026 07:35
da443062-e87d-45a1-b4e2-713f0abc62a2,hadrian.university,available,65.98,77.98,medium,low,7,namecheap,,,17/09/2026 09:58
551bf2b9-7a96-454b-96d4-ec3833c4ff52,rashid.university,available,62.99,62.99,medium,low,6,namesilo,,,28/09/2026 16:48
0cca25a1-07f7-49d0-9c8c-03a333cd44bd,unblessed.university,available,62.99,62.99,medium,low,9,namesilo,,,12/09/2026 02:14
bee5c20b-957c-4e51-8f23-4479e8ba2aa3,anchor.university,available,65.98,77.98,high,medium,6,namecheap,,,19/09/2026 03:39
98ae9efa-df08-43eb-a9a8-abcbffeab4ac,abetter.university,available,62.99,62.99,medium,low,7,namesilo,,,16/09/2026 15:19
84adcdc6-34ab-4073-9c00-10fe887f44dc,gloriously.university,available,19.99,81.99,high,low,10,name.com,,,14/09/2026 21:45
072bbfea-c4f1-4e61-870b-86e4eba7f662,unsound.university,available,62.99,62.99,medium,low,7,namesilo,,,24/09/2026 16:24
9976666f-0d7f-4323-8c9a-fd0b408d05f6,vigilantly.university,available,62.99,62.99,medium,low,10,namesilo,,,16/09/2026 10:54
cb6599c1-1612-4e44-b309-a793ea744cfe,rats.university,available,19.99,,high,low,4,name.com,,,
64bc3883-c870-4229-8eaa-de533d7d5d7b,cxx.university,available,19.99,81.99,high,low,3,name.com,,,
c4411192-0e36-4f4b-a771-606c5b8f37ed,haircut.university,available,19.99,,high,low,7,name.com,,,
903f0a86-1dcb-4a33-b66e-5d0ea39cc2e3,anal.university,available,19.99,81.99,high,low,4,name.com,,,
9b318848-475d-442b-95dc-44aab367c0aa,buzzing.university,available,19.99,81.99,high,low,7,name.com,,,
cf83f213-1d04-4ab1-823d-c544efe35ae1,norwalk.university,available,48.2,48.2,medium,low,7,cloudflare,,,28/09/2026 12:08
55a91f7c-23d8-478e-a82a-27f3eb2737eb,nrc.university,available,62.99,62.99,medium,low,3,namesilo,,,28/09/2026 10:37
8fa6979e-48ac-4982-98a0-c43a56598e90,scrub.university,available,62.99,62.99,high,low,5,namesilo,,,27/09/2026 18:50
831b31f3-4c3a-498a-bad0-13aa5896a86a,auden.university,available,62.99,62.99,high,low,5,namesilo,,,21/09/2026 02:48
f432385c-6304-4281-a612-6cfaa1a72e97,gripe.university,available,62.99,62.99,medium,low,5,namesilo,,,23/09/2026 00:19
8bfbf594-6319-40c6-93af-44733399959b,antigram.university,available,65.98,77.98,low,low,8,namecheap,,,19/09/2026 14:31
9e0fd9a5-ec80-427a-8b16-8baf7b372731,soggy.university,available,19.99,81.99,high,low,5,name.com,,,10/08/2026 17:14
91a2c761-7866-4f9e-ad9b-6bc8765c2101,supervised.university,available,62.99,62.99,high,low,10,namesilo,,,11/09/2026 02:26
780ea195-4932-448c-8477-4c2307038e71,unveil.university,available,19.99,,high,low,6,name.com,,,
fd91538f-9be6-4134-8565-b03863ec0574,clamp.university,available,62.99,62.99,medium,low,5,namesilo,,,24/09/2026 15:19
c613bac8-5dde-4685-a00e-0ad3e79f4128,acetate.university,available,62.99,62.99,high,low,7,namesilo,,,17/09/2026 00:03
37b4c93e-d050-48f7-b23f-1c902fca6063,bully.university,available,19.99,81.99,high,low,5,name.com,,,08/08/2026 12:15
d82d1e35-4d4f-430a-9b49-dfd5e548d8f8,limply.university,available,62.99,62.99,medium,low,6,namesilo,,,15/09/2026 12:20
aff4018f-a031-4b67-8944-c91a945d66c5,begins.university,available,62.99,62.99,medium,low,6,namesilo,,,25/09/2026 20:45
21b33172-f634-40e3-bdc2-36daab5c1b63,whizz.university,available,65.98,77.98,high,low,5,namecheap,,,21/09/2026 18:06
e7967777-456e-4136-8d1d-02334639a4b1,corsica.university,available,10.92,51.58,medium,low,7,dynadot,,,28/09/2026 13:46
aba98ce0-3ccc-48f5-8a8b-13106c47212c,arizona.university,premium,242,242,high,low,7,namesilo,,,20/09/2026 06:05
797e49f4-b78f-4fbf-91b4-aa6d780fa32f,shane.university,available,62.99,62.99,high,low,5,namesilo,,,26/09/2026 03:35
1e467ebb-b5c5-4b14-b42e-19a40be8d4a2,impractical.university,available,19.99,,medium,low,11,name.com,,,
a74c12e4-b665-439e-a5a2-69ea712606db,refulgent.university,available,19.99,81.99,medium,low,9,name.com,,,15/08/2026 16:26
d5741374-defa-4419-9a43-da6aec2337d1,balagan.university,available,62.99,62.99,medium,low,7,namesilo,,,21/09/2026 20:48
20d9c17c-b594-43a9-abf2-22802cb72e0c,ballpen.university,available,62.99,62.99,medium,low,7,namesilo,,,21/09/2026 23:22
db359beb-5d43-49dd-9686-db667a694f01,counted.university,available,19.99,,medium,low,7,name.com,,,
054f029d-8226-4064-8bf4-0b3853ddf53c,environment.university,available,48.2,48.2,high,low,11,cloudflare,,,28/09/2026 03:49
dc814378-f358-41a6-b482-9de4c1ba7a67,dim.university,available,19.99,81.99,high,low,3,name.com,,,10/08/2026 13:58
c01bf147-0756-4f0d-bacf-b3ea6390f8b5,gizmo.university,available,62.99,62.99,high,low,5,namesilo,,,19/09/2026 21:49
fcdcac99-6305-47e5-95f7-2b8e426774ba,jockey.university,available,62.99,62.99,high,low,6,namesilo,,,24/09/2026 14:26
54ea796e-6ccd-479c-a0ef-d33e509766ca,messaging.university,available,62.99,62.99,high,low,9,namesilo,,,25/09/2026 03:29
3247db1a-f6ea-440f-85e9-eeb306e7f993,continually.university,available,19.99,,medium,low,11,name.com,,,
0636c3fc-6532-40f2-b2ed-22248cb64760,luke.university,available,62.99,62.99,high,low,4,namesilo,,,25/09/2026 06:37
3b15174e-0050-4d15-948b-4ff01e3a1d02,risks.university,available,62.99,62.99,medium,low,5,namesilo,,,20/09/2026 06:40
602c5d1f-8f91-4728-93c0-999461cfbe35,toklas.university,available,62.99,62.99,medium,low,6,namesilo,,,18/09/2026 07:28
d9f72330-7112-4d66-a01a-300bc911c193,asymptote.university,available,62.99,62.99,medium,low,9,namesilo,,,20/09/2026 18:41
7ec8296c-d781-412c-8bff-b833399c9434,shh.university,available,19.99,,high,low,3,name.com,,,
36e665e5-636f-42ae-a747-b7018b94dc64,kew.university,available,62.99,62.99,high,low,3,namesilo,,,28/09/2026 11:39
4da0d606-a736-4be6-8496-6c7f74c0b8bf,dauntless.university,available,62.99,62.99,high,low,9,namesilo,,,22/09/2026 12:12
287e5eb6-b6d0-4034-a8a0-ab0353bc44d3,untapped.university,available,65.98,77.98,medium,low,8,namecheap,,,12/09/2026 21:02
d485ccb1-e9f9-4824-a60a-27dd1e2ff3b6,jailhouse.university,available,19.99,81.99,medium,low,9,name.com,,,08/09/2026 22:44
90319a48-118d-4007-a0fa-d5ca44426043,promissory.university,available,62.99,62.99,medium,low,10,namesilo,,,09/09/2026 03:11
21f0ef31-fc14-44ee-b52c-1ff03d54df45,ridicule.university,available,65.98,77.98,medium,low,8,namecheap,,,24/09/2026 02:25
d9ddf445-e44e-47c7-9614-372a1feafd79,swoon.university,available,19.99,81.99,high,low,5,name.com,,,17/08/2026 21:03
be6dd605-3261-48af-a9ba-fd7856614937,filthy.university,available,19.99,81.99,high,low,6,name.com,,,13/08/2026 08:46
e33b8065-f028-4d43-8f11-cea533ab67e7,integrated.university,available,62.99,62.99,high,low,10,namesilo,,,25/09/2026 08:05
cfb80530-37d2-41bb-9a3d-a376fd6d0a48,camel.university,available,49.88,49.88,high,low,5,spaceship,,,28/09/2026 01:20
181ad2cd-be2e-44fe-bd68-5dc1d5d2158d,akko.university,available,62.99,62.99,medium,low,4,namesilo,,,16/09/2026 22:23
12530e3b-f352-4da5-af58-1a9aa7e89791,fatally.university,available,65.98,77.98,medium,low,7,namecheap,,,14/09/2026 17:51
f471655c-4a1f-4005-bd42-833f99d493fa,cannabis.university,premium,85.8,85.8,high,medium,8,namecheap,,,25/09/2026 09:02
8ef406f0-dfa8-4416-85e7-55224af51232,restive.university,available,19.99,81.99,medium,low,7,name.com,,,15/08/2026 09:28
a9c0aa1f-690f-4b1a-8399-79ef53bba309,bingle.university,available,62.99,62.99,medium,low,6,namesilo,,,19/09/2026 16:38
eb25bc4b-af9d-4a69-86d9-df2c7aae189b,brimful.university,available,19.99,81.99,medium,low,7,name.com,,,11/08/2026 04:08
21fa9bae-0616-47ca-9ec2-d865b7622704,livable.university,available,19.99,81.99,high,low,7,name.com,,,24/08/2026 07:42
801312c9-342c-4351-a88c-dcb254466680,ministrant.university,available,19.99,81.99,medium,low,10,name.com,,,24/08/2026 23:57
12561e6e-0dab-4faf-af3a-6f31c5f668fd,awaken.university,available,62.99,62.99,high,low,6,namesilo,,,22/09/2026 14:40
76804370-b501-4ff9-827e-742f339ac188,btw.university,available,19.99,,high,low,3,name.com,,,
7c8f44d8-e7cd-4b71-b705-082f87e568a8,gresham.university,available,49.88,49.88,medium,low,7,spaceship,,,29/09/2026 01:08
05a604cc-c0df-4ccd-b426-1b0f6100b53a,appointed.university,available,19.99,81.99,medium,low,9,name.com,,,06/08/2026 07:21
79fc577a-cae1-4c90-8bd7-2c56b50c756f,complicate.university,available,62.99,62.99,high,low,10,namesilo,,,08/09/2026 14:25
4a107a95-9f6b-4072-8002-fda08c3dc1c3,executing.university,available,19.99,,medium,low,9,name.com,,,
58307a90-18c9-4be7-937e-e52e46f5cb34,bismarck.university,premium,118.8,118.8,high,low,8,namesilo,,,23/09/2026 22:03
b0b61c35-086a-4d31-9da2-e68646f425f6,illusory.university,available,19.99,81.99,medium,low,8,name.com,,,21/08/2026 20:15
f5a8b13b-a8f2-4466-bf1b-df792f098983,flush.university,available,19.99,81.99,high,low,5,name.com,,,
f7dc8689-8453-43ea-96e2-b4a4af0c2bdf,agnostic.university,available,65.98,77.98,high,low,8,namecheap,,,21/09/2026 23:11
1f6b6a55-79d0-4512-a52d-edb23318c62e,snuggled.university,available,62.99,62.99,medium,low,8,namesilo,,,03/09/2026 15:48
0e3748f0-03a6-48d9-a9d7-6546ca26c55f,murmuring.university,available,62.99,62.99,high,low,9,namesilo,,,03/09/2026 11:06
ca991f11-eef2-4cf3-9099-57b7523a0edf,fuchs.university,available,49.88,49.88,medium,low,5,spaceship,,,28/09/2026 14:00
d4dfd31d-6751-483a-b0d3-6ab27ea7f429,birthing.university,available,65.98,77.98,high,low,8,namecheap,,,23/09/2026 21:07
ee093e21-b064-454d-a34b-37982df52003,molecular.university,available,19.99,81.99,high,low,9,name.com,,,25/08/2026 03:53
5563e54c-87bf-47a9-b2f5-76669fe090c1,westhill.university,available,19.99,,medium,low,9,name.com,,,
ef4fbf3a-888e-44d8-8890-0097d80dda59,agrologic.university,available,19.99,81.99,medium,low,9,name.com,,,
a0193b66-89d2-486a-b833-5bc4434653e6,boondocks.university,available,62.99,62.99,medium,low,9,namesilo,,,21/09/2026 14:32
63fc321a-3a3f-4d97-b4b7-5219d849e506,heretofore.university,available,62.99,62.99,medium,low,10,namesilo,,,13/09/2026 21:50
6738d344-9ca2-4897-b5ab-b1f2bbefc01f,agnate.university,available,19.99,81.99,medium,low,6,name.com,,,
67bc856a-a38e-426e-8c0e-2629eab736af,keane.university,available,48.2,48.2,medium,low,5,cloudflare,,,28/09/2026 18:07
d838c72d-318c-48e0-819b-2f632b9622f9,phycology.university,available,62.99,62.99,medium,low,9,namesilo,,,18/09/2026 07:09
a4625b8b-d23d-4210-9068-7059ca64b02d,anemone.university,available,62.99,62.99,high,low,7,namesilo,,,19/09/2026 05:19
69fc3023-fbfe-41e0-b04c-819c88f20709,nappy.university,available,19.99,81.99,high,low,5,name.com,,,18/08/2026 16:10
55b541f9-23a9-49f1-9a14-8e1a856121c7,cycle.university,available,62.99,62.99,high,low,5,namesilo,,,08/09/2026 12:19
18697a4b-9e48-4438-8dd0-9a51ce3e8ca2,uncrossed.university,available,62.99,62.99,medium,low,9,namesilo,,,12/09/2026 06:33
c8415ec9-52fb-41ff-95c8-dfe9542eebb1,alcoholic.university,available,19.99,81.99,high,low,9,name.com,,,
34537bbc-a197-4330-ac6d-e2980a5fdcc5,murphy.university,available,65.98,77.98,high,low,6,namecheap,,,25/09/2026 07:49
cd3b938f-5e69-4b47-a412-0ead52bb05c6,ableism.university,available,62.99,62.99,medium,low,7,namesilo,,,16/09/2026 16:10
cf154512-da9c-4e5b-8e43-eb587ad34b5c,abwatt.university,available,62.99,62.99,medium,low,6,namesilo,,,16/09/2026 19:39
aa95ad97-69e8-423e-b297-3f39e166d809,womb.university,available,48.2,48.2,high,low,4,cloudflare,,,28/09/2026 20:42
ec8c8720-5c23-480e-91c9-2767342d0eb8,technically.university,available,62.99,62.99,high,low,11,namesilo,,,19/09/2026 04:54
5b15b91e-937f-4312-a74c-e35c0c500c11,atelier.university,available,62.99,62.99,high,medium,7,namesilo,,,20/09/2026 11:53
87b3c5c2-2b0f-455b-9f93-99d4fdab9e90,squawker.university,available,62.99,62.99,medium,low,8,namesilo,,,23/09/2026 06:50
178bbf14-2c1d-4b6e-b90c-b965537e1fba,shepherd.university,available,62.99,62.99,high,low,8,namesilo,,,28/09/2026 03:05
bedd2b25-26f7-45d0-a28a-3470cd80417e,antacid.university,available,62.99,62.99,high,low,7,namesilo,,,22/09/2026 05:43
0626e002-7743-4896-8629-43bf88352569,intestinal.university,available,62.99,62.99,medium,low,10,namesilo,,,04/09/2026 08:14
3aa0092c-982a-4189-b7dd-0eea30c74fc4,incline.university,available,19.99,,high,low,7,name.com,,,
d015ac0e-69cb-47e5-af12-f4e88e5ac524,mathematics.university,premium,85.8,85.8,high,low,11,namecheap,,,28/09/2026 03:31
ee41ad69-68f0-4a08-b95f-5f0c21928971,trifle.university,available,62.99,62.99,high,low,6,namesilo,,,13/09/2026 08:07
e2217dca-00f1-4402-a7e0-6e95e2c14677,copious.university,available,19.99,81.99,high,low,7,name.com,,,13/08/2026 00:28
99ecdf6b-23b7-4be7-9a79-03af25b1b7f4,kirkpatrick.university,available,62.99,62.99,medium,low,11,namesilo,,,28/09/2026 12:22
b1073e59-9b19-4f36-b3a8-e40f681a8619,dappled.university,available,19.99,81.99,medium,low,7,name.com,,,13/08/2026 17:39
630641dd-5b62-4a0f-af2b-ef2e54ef915a,established.university,available,19.99,,high,low,11,name.com,,,
2d6840c0-3904-4b19-8fd6-c503f0fe9902,moronic.university,available,19.99,81.99,medium,low,7,name.com,,,25/08/2026 06:35
5397ba43-7db4-4235-b624-9c30e7670608,bennet.university,available,62.99,62.99,high,low,6,namesilo,,,23/09/2026 08:30
43303d2a-1144-46f0-ac73-5ed15b9f480a,assaulted.university,available,48.2,48.2,low,low,9,cloudflare,,,28/09/2026 18:18
b91cb91a-1c24-4603-9e1d-173db1e0765a,marines.university,available,19.99,,high,low,7,name.com,,,
61ed056b-2f50-44f9-9e64-78cc536f095a,strikingly.university,available,19.99,81.99,medium,low,10,name.com,,,16/09/2026 07:22
e73ab373-e77b-4fb1-bf84-fac61619b732,baron.university,available,62.99,62.99,high,low,5,namesilo,,,22/09/2026 07:01
6720f290-7b6a-4291-987b-3213f5167082,angler.university,available,62.99,62.99,high,low,6,namesilo,,,18/09/2026 11:39
e2d15a83-72d4-4dbd-bd5f-0c76a6731ec8,superfamily.university,available,10.81,49.95,medium,low,11,porkbun,,,29/09/2026 02:59
799ee309-56e9-43a1-9d6c-d1b455a95898,gesture.university,available,49.88,49.88,high,low,7,spaceship,,,27/09/2026 13:44
e51529d1-0602-410a-96ea-ec86ae5e009a,designer.university,premium,78.54,78.54,high,low,8,namesilo,,,20/09/2026 02:12
184ccb6e-4a3a-4d84-b13a-73c0183bd732,cycles.university,available,62.99,62.99,medium,low,6,namesilo,,,20/09/2026 09:25
c9b93b60-2b30-43f4-aac6-2deb64f56b99,unshaken.university,available,62.99,62.99,high,low,8,namesilo,,,12/09/2026 07:04
bea15aca-0338-45e7-8c88-91189c7fd619,spike.university,available,62.99,62.99,high,low,5,namesilo,,,19/09/2026 15:31
56f75729-308b-46b3-acf8-a17fe03bc1f5,biologic.university,available,19.99,81.99,high,low,8,name.com,,,10/08/2026 02:14
4a594130-41d0-42f7-a0f0-8af39dbf6daa,feels.university,available,19.99,,high,low,5,name.com,,,
c557f6fb-0809-42ba-b712-98836510f771,practicing.university,available,19.99,,high,low,10,name.com,,,
321a6588-7ca9-49c8-8078-7020d6a9c08d,parrot.university,available,49.88,49.88,high,low,6,spaceship,,,28/09/2026 15:02
e454b73f-a01b-41c1-8e04-c4007b5b7e34,awry.university,available,19.99,81.99,medium,low,4,name.com,,,
81a69cd4-5983-453e-9966-89d324ef5d6d,daylong.university,available,19.99,81.99,medium,low,7,name.com,,,13/08/2026 18:51
c6650084-04a1-4d19-a28a-9f269db11156,unfathomed.university,available,62.99,62.99,medium,low,10,namesilo,,,12/09/2026 09:57
7321b165-7f86-4e6b-a304-c245ea14639a,balata.university,available,65.98,77.98,medium,low,6,namecheap,,,21/09/2026 21:12
97b121e9-4780-4328-ab64-7c9fc49c577c,barack.university,available,49.88,49.88,high,low,6,spaceship,,,28/09/2026 07:27
2ccb40ea-c042-42ef-aa46-4727fe31f475,lenient.university,available,19.99,81.99,high,low,7,name.com,,,22/08/2026 23:46
fb42ee88-85c1-4e95-b189-cf9912134090,scuba.university,available,62.99,62.99,high,low,5,namesilo,,,19/09/2026 22:55
82e30dd9-368b-4a02-a049-27bbe5cdc840,molten.university,available,19.99,81.99,high,low,6,name.com,,,25/08/2026 03:57
bb027b75-3f1c-4d86-9bbd-b6ea00dd2591,oldline.university,available,62.99,62.99,medium,low,7,namesilo,,,04/09/2026 01:51
a58ee30a-c67d-4899-adf9-3732a5b49d67,los.university,available,19.99,,high,low,3,name.com,,,
5746e45a-046f-4c38-829d-d1fad72dca94,balderdash.university,available,65.98,77.98,medium,low,10,namecheap,,,21/09/2026 21:39
977cddcc-7cb2-4dd4-a20f-52a2a7d27270,roast.university,available,49.88,49.88,high,low,5,spaceship,,,27/09/2026 15:46
27217c1d-0ab1-4867-a7e8-590b338b9e0a,sparing.university,available,19.99,81.99,high,low,7,name.com,,,18/08/2026 16:58
80fc4329-6041-43ab-af10-d658a63ae80b,internal.university,available,65.98,77.98,high,low,8,namecheap,,,25/09/2026 09:40
e4f67673-08c3-4c79-84dd-51780409f491,churchman.university,available,19.99,81.99,medium,low,9,name.com,,,14/08/2026 23:29
c5d54cac-2bff-4807-9906-e4ab3591e2d2,asea.university,available,62.99,62.99,medium,low,4,namesilo,,,10/09/2026 01:04
bfff5b15-e00a-4614-b1c3-94efd9e5a2cc,dye.university,available,19.99,,high,low,3,name.com,,,
7d5d6231-6600-4fce-91f8-c3cf8fc5116c,pigfish.university,available,62.99,62.99,medium,low,7,namesilo,,,17/09/2026 00:46
d582cc8b-3e1f-4d32-848e-22f637d06a7b,scoff.university,available,19.99,81.99,medium,low,5,name.com,,,22/08/2026 12:41
09d35986-467d-420f-b2bc-2e08a9a043c0,investor.university,available,48.2,48.2,high,medium,8,cloudflare,,,28/09/2026 05:43
e6a522fe-4eb3-4840-a6fb-b0e08dca4afd,downpour.university,available,62.99,62.99,high,low,8,namesilo,,,24/09/2026 16:02
588fb50c-b330-4424-ad31-b9ee870b7fd5,leek.university,available,62.99,62.99,medium,low,4,namesilo,,,18/09/2026 11:25
5e52f2bf-df8b-44e1-ac20-89c69f3db682,genealogic.university,available,19.99,81.99,medium,low,10,name.com,,,18/08/2026 21:22
e4dbfb01-4941-4d13-b2de-0c5796836065,aroma.university,available,62.99,62.99,high,low,5,namesilo,,,20/09/2026 08:25
18fb3c2b-7fcf-4602-bbd5-ab120999d047,uncultured.university,available,62.99,62.99,medium,low,10,namesilo,,,12/09/2026 06:38
7e54676c-d2cd-4d5d-bcfc-d6bb54f6f6b6,inbuilt.university,available,19.99,81.99,high,low,7,name.com,,,11/08/2026 08:08
cd833c7b-cebb-4574-88ba-c0e141d98d30,dispose.university,available,19.99,,high,low,7,name.com,,,
bee6bbc0-cbe6-4e45-b375-a38bcd6cc63d,bumbling.university,available,19.99,81.99,medium,low,8,name.com,,,11/08/2026 09:34
fde72958-6cc6-4e72-9af3-60d60650b19c,domain.university,resell,,,high,medium,6,"Spaceship, Inc.",06/01/2019 23:31,06/01/2027 23:31,28/09/2026 02:54
1ff3011a-7ae8-4fd1-9951-a13b73679515,confluent.university,available,19.99,81.99,high,low,9,name.com,,,12/08/2026 21:07
d39f2b88-7049-42ee-9837-6f77b9a0ccc2,admittedly.university,available,65.98,77.98,high,low,10,namecheap,,,11/09/2026 20:31
cddc9785-62b0-42c8-bb76-a00fd55f5fa0,asexually.university,available,62.99,62.99,medium,low,9,namesilo,,,13/09/2026 22:03
7a5ae64c-3888-427d-be85-dcc3215a8823,alidad.university,available,65.98,77.98,medium,low,6,namecheap,,,18/09/2026 07:31
454dbb86-5bed-4ea2-9d8f-07a26832f4de,scientifically.university,available,49.88,49.88,medium,low,14,spaceship,,,28/09/2026 07:41
37f6a02a-ed93-4869-8706-3035a746d3b4,bitis.university,available,62.99,62.99,medium,low,5,namesilo,,,23/09/2026 22:37
130ec030-fd1d-4fd0-a6c2-d4fa44c60c97,evaluate.university,available,19.99,,high,low,8,name.com,,,
725ba197-69c6-4ed7-b0a5-3eb65178bbc7,troops.university,available,62.99,62.99,high,low,6,namesilo,,,25/09/2026 23:43
8859b1f6-9bab-4ac1-bb06-c64fbdf9ba55,campsite.university,available,62.99,62.99,high,low,8,namesilo,,,24/09/2026 11:55
dca9000a-fd96-407c-87ad-7a02002fe754,our.university,premium,118.8,118.8,high,medium,3,namesilo,,,
ee9b1ed9-a644-4db6-8852-1bc2f24b81a0,giraffe.university,available,19.99,,high,low,7,name.com,,,
3bb6fdaa-852a-440e-bb82-c64748f31732,shivaree.university,available,62.99,62.99,medium,low,8,namesilo,,,23/09/2026 06:07
d45742dc-7218-4e6c-833d-fbe3bee45bf8,goals.university,available,49.88,49.88,high,low,5,spaceship,,,28/09/2026 07:10
a110fb48-c38e-41a8-9b04-8e0b8c6f47f1,cuddle.university,available,65.98,77.98,high,low,6,namecheap,,,24/09/2026 20:09
cc937a9f-850c-4315-ba83-9ab22aa481d9,scissors.university,available,10.92,51.58,high,low,8,dynadot,,,28/09/2026 20:05
d3c96d94-9978-4aa7-899b-6ad892aa2915,cashiers.university,available,62.99,62.99,medium,low,8,namesilo,,,20/09/2026 14:34
9c494b08-1c62-4a63-ba04-cf48f3bd955d,bandwagon.university,available,62.99,62.99,high,low,9,namesilo,,,22/09/2026 01:35
b4e09f26-c60a-485c-b031-095b2547b76d,pedestrian.university,available,62.99,62.99,high,low,10,namesilo,,,08/09/2026 12:28
c0f6e395-88b6-411a-984a-359c6820c57d,brewery.university,available,48.2,48.2,high,low,7,cloudflare,,,28/09/2026 18:30
df10eb2c-cc4a-48ff-b005-814257271ac2,cloth.university,available,48.2,48.2,high,low,5,cloudflare,,,28/09/2026 02:26
29bfbb6d-8ac5-4172-8798-b255c86bb44b,runabout.university,available,19.99,,medium,low,9,name.com,,,
9a3730a1-2f5f-4878-b982-537173e9c65d,frankenstein.university,available,49.88,49.88,high,low,12,spaceship,,,28/09/2026 21:01
64c2eb5d-4dea-4a37-8414-31cce74cda1d,neither.university,available,62.99,62.99,medium,low,7,namesilo,,,03/09/2026 15:18
a49b93ff-866f-40aa-be9f-c199a641df3e,departed.university,available,19.99,81.99,medium,low,8,name.com,,,07/08/2026 11:31
e38b5bb8-e749-4791-90b1-73a8b98d09b3,defiled.university,available,19.99,81.99,medium,low,7,name.com,,,13/08/2026 23:24
dc300bd6-f45f-4e87-91fc-bd03c84a682c,nikolai.university,available,49.88,49.88,high,low,7,spaceship,,,27/09/2026 20:11
ff25581b-c5f7-4b5d-9062-2493a81ee933,spacetravel.university,available,19.99,,high,low,12,name.com,,,
167fdd1f-5d9b-4580-8c13-4dc1449c37dc,wondrous.university,available,62.99,62.99,high,low,8,namesilo,,,25/09/2026 00:25
7f0249fa-5aa2-499c-b5bd-4d7f0a181827,perplexing.university,available,19.99,81.99,medium,low,10,name.com,,,08/09/2026 17:58
470b2575-7f65-49e0-a833-4a688235b8c1,ladder.university,available,19.99,,high,low,6,name.com,,,
950328de-25fd-4205-ba4a-b789141b50a4,assumption.university,available,62.99,62.99,medium,low,10,namesilo,,,20/09/2026 16:39
a85b4069-1f03-49bb-a6ef-7e5b47aeb713,patiently.university,available,19.99,81.99,medium,low,9,name.com,,,15/09/2026 19:20
530ab7fe-f970-4dfc-b535-da94508e3319,dove.university,available,62.99,62.99,high,low,4,namesilo,,,10/09/2026 17:16
0faf0395-910d-4a7b-b676-5eaca41405d3,elaborate.university,available,62.99,62.99,high,low,9,namesilo,,,24/09/2026 07:12
b97438a9-2b8a-47bb-a58b-ef75dfa0882f,suggest.university,available,19.99,,high,low,7,name.com,,,
8d6bf833-0ae2-415e-b69d-9cef472a1bab,blackshirt.university,available,65.98,77.98,medium,low,10,namecheap,,,24/09/2026 03:05
74114def-df9e-4626-9e6c-6fb67a7058b9,brace.university,available,19.99,81.99,high,low,5,name.com,,,11/08/2026 00:41
245be120-0cd2-45f4-954a-be0dfacb063e,recreation.university,available,62.99,62.99,high,low,10,namesilo,,,24/09/2026 23:18
039ad807-fae7-40c9-b8f5-b4d0798b710f,caribbean.university,premium,85.8,85.8,high,low,9,namecheap,,,24/09/2026 13:00
a6032641-2ba0-4c48-bce3-f65f3072d610,calender.university,available,19.99,,high,low,8,name.com,,,
67febe14-39a1-4ad3-a7cf-8d1cfd7c3b16,hurting.university,available,48.2,48.2,medium,low,7,cloudflare,,,27/09/2026 14:14
9773e3e8-7537-4163-a8d5-4e7e77fafdea,awl.university,available,62.99,62.99,high,low,3,namesilo,,,21/09/2026 10:07
1e751453-4702-40c9-a8ad-9d50480f5c66,smelly.university,available,19.99,81.99,medium,low,6,name.com,,,18/08/2026 02:31
a1363ac7-e7d9-44bb-8e70-afa5c36ba0a1,siamese.university,available,62.99,62.99,high,low,7,namesilo,,,10/09/2026 07:27
e5fd815f-565c-421f-a9c0-5d23aed7d6a0,fogged.university,available,19.99,81.99,medium,low,6,name.com,,,18/08/2026 09:51
03fe1463-cb18-49e3-b91f-923914348427,breed.university,available,48.2,48.2,high,low,5,cloudflare,,,27/09/2026 11:59
0f260e0d-db87-467a-94db-ecc1748e8e95,vegas.university,available,65.98,77.98,high,low,5,namecheap,,,25/09/2026 15:39
8f3a93ea-4a1b-4d12-8299-5f4316d73c10,hallowmas.university,available,62.99,62.99,medium,low,9,namesilo,,,18/09/2026 09:30
b9b33cff-05fd-4d38-8ac4-a186bd4a2bef,caramel.university,available,19.99,81.99,high,low,7,name.com,,,11/08/2026 18:28
c793c20e-ce17-40d7-934e-10fa3206b0e0,drenched.university,available,19.99,81.99,medium,low,8,name.com,,,14/08/2026 18:51
7de8a379-2d78-465b-90c9-56f83f54553a,skipjack.university,available,65.98,77.98,medium,low,8,namecheap,,,20/09/2026 21:35
e7a5e931-a826-4996-9c04-db54a13f1708,grandparents.university,available,62.99,62.99,high,low,12,namesilo,,,18/09/2026 06:12
eb6a5e31-3ccf-46fb-a970-2f6976b61ed2,ancestor.university,available,19.99,81.99,high,low,8,name.com,,,
4ff72a5d-66f1-41b3-815b-90ac1519f2c7,ares.university,available,62.99,62.99,high,low,4,namesilo,,,20/09/2026 04:02
c20ea49d-ec34-4f07-95bc-a8d40198f3e7,springless.university,available,62.99,62.99,low,low,10,namesilo,,,10/09/2026 16:51
696bdb1a-71e4-436c-888b-5de7d9c26f2c,unbolted.university,available,62.99,62.99,medium,low,8,namesilo,,,12/09/2026 01:36
09ed8d0b-c71d-41bd-b47e-2bf2dcbe5eb7,turndown.university,available,19.99,,high,low,9,name.com,,,
ff978794-8b2a-4821-a98b-aa945410ff6b,positivist.university,available,62.99,62.99,medium,low,10,namesilo,,,09/09/2026 00:12
3092a1e6-ee8b-4b54-906e-f7033763151a,feather.university,available,19.99,,high,low,7,name.com,,,
cb41701e-bcfc-452b-87fe-93928cef6126,rakes.university,available,65.98,77.98,medium,low,5,namecheap,,,20/09/2026 22:29
ea681ffe-916f-4690-84ca-d32369abe233,julia.university,available,65.98,77.98,high,low,5,namecheap,,,25/09/2026 19:23
3a670099-918d-4cbe-b2dd-ee38bd6c35f7,overturned.university,available,62.99,62.99,medium,low,10,namesilo,,,04/09/2026 21:55
9deec25a-fcbb-456f-89a3-389ea4bf21c3,shoppers.university,available,65.98,77.98,medium,low,8,namecheap,,,20/09/2026 20:14
8f99749e-8e44-4519-9621-c8f3928ee631,wiped.university,available,49.88,49.88,low,low,5,spaceship,,,28/09/2026 04:58
06c25279-1a3d-4d77-8641-50a12f291f44,fissile.university,available,19.99,81.99,medium,low,7,name.com,,,18/08/2026 05:34
6db89b12-e406-4bf2-9432-387324191e7e,wisconsin.university,premium,512,512,high,low,9,namesilo,,,21/09/2026 17:10
5889da42-59ac-4bd6-a22c-1f96662beb11,botchy.university,available,19.99,81.99,medium,low,6,name.com,,,10/08/2026 20:53
05b57692-0a50-41d2-b6cc-33c4aa84bdee,scandent.university,available,62.99,62.99,medium,low,8,namesilo,,,09/09/2026 22:32
f65a629e-b9b3-426e-8202-c8c0cf44a022,lossless.university,available,19.99,81.99,medium,low,8,name.com,,,24/08/2026 09:56
0e2aeb94-cad4-48d7-b7e0-6c0914de263e,shakeable.university,available,62.99,62.99,medium,low,9,namesilo,,,10/09/2026 05:34
f92adaad-96a0-401d-ab79-f1cb446ba1ae,patently.university,available,65.98,77.98,medium,low,8,namecheap,,,08/09/2026 20:24
59c98396-f610-45ab-b956-621b3ce0b094,library.university,resell,,,high,low,7,Dynadot Inc,18/02/2026 17:00,18/02/2027 17:00,28/09/2026 08:46
4ee55c82-336e-4f2d-95fe-dbcc0105c646,doctorfish.university,available,65.98,77.98,medium,low,10,namecheap,,,16/09/2026 20:58
33e9783d-7d66-4d81-aee2-1c87a2515bc1,unquestionable.university,available,19.99,,medium,low,14,name.com,,,
7c64e3ab-9f7b-4762-a0d7-58138ff312ab,upbound.university,available,62.99,62.99,medium,low,7,namesilo,,,12/09/2026 23:02
c0ab6362-9714-4986-8dc3-2d56c14da6ec,alborg.university,available,62.99,62.99,medium,low,6,namesilo,,,16/09/2026 13:12
625e4f42-6201-400e-9bcc-2c67c040676f,disunite.university,available,19.99,81.99,medium,low,8,name.com,,,14/08/2026 11:14
0d006f03-7e83-4ad0-8d0d-95a6e32ce823,included.university,available,19.99,81.99,high,low,8,name.com,,,22/08/2026 01:33
9e4c2631-5212-4fcb-801b-e60a2d97748a,supportive.university,available,109.99,109.99,high,low,10,godaddy,,,28/09/2026 02:03
9ad8bdce-b9be-4e1a-b219-9d486c7ab743,coercive.university,available,19.99,81.99,medium,low,8,name.com,,,12/08/2026 15:24
84346bd2-bd30-4c4c-80ad-22f21cf9b172,aigret.university,available,65.98,77.98,medium,low,6,namecheap,,,17/09/2026 20:56
50273e0c-fb4f-404f-9e27-2212df6f20ae,working.university,available,62.99,62.99,high,low,7,namesilo,,,19/09/2026 07:09
041f24b5-ada3-42ca-b124-fe1cf0b01737,kenny.university,available,62.99,62.99,medium,low,5,namesilo,,,26/09/2026 03:38
d3dbbcab-3ac4-48e8-9f44-53af65119b91,democrat.university,premium,78.54,78.54,high,low,8,namesilo,,,
2e44767c-1432-4211-9e15-d366a61f3662,deltoid.university,available,19.99,81.99,medium,low,7,name.com,,,14/08/2026 00:50
9c8bba01-c508-46ab-8d7e-691677640cd8,chf.university,available,10.81,49.95,medium,low,3,porkbun,,,29/09/2026 04:56
7d7bab4f-1b54-4619-8c08-9b079bc8852b,though.university,available,62.99,62.99,medium,low,6,namesilo,,,16/09/2026 08:58
2f8332a7-98b0-4a52-837b-1ea64fbcfcfb,teammate.university,available,19.99,,high,low,8,name.com,,,
3a3cd8e3-d0d5-48d3-8bd3-08c5b75c7a19,tatty.university,available,19.99,81.99,medium,low,5,name.com,,,18/08/2026 06:42
b084ceca-c56e-424a-80e1-8742efb0ab0d,sorely.university,available,65.98,77.98,medium,low,6,namecheap,,,16/09/2026 05:13
8ce54c20-de8e-4601-8a30-fe7e566843b3,esthesia.university,available,65.98,77.98,medium,low,8,namecheap,,,17/09/2026 13:25
67c4af1e-85cc-4c0e-8cb0-6d1f4cf19d77,luxembourg.university,available,,,high,high,10,,,,
74e5dabd-0b30-4a79-9d76-e36fb5a0fa3d,sixth.university,available,19.99,81.99,high,low,5,name.com,,,
191ebee8-0325-4006-92be-a61adf15993a,legendary.university,available,19.99,81.99,high,low,9,name.com,,,17/08/2026 20:13
604900b8-3ead-46b6-9e8f-5c2e2f97e40c,netlike.university,available,62.99,62.99,medium,low,7,namesilo,,,03/09/2026 16:00
7587c4bb-a705-40fd-8fef-e2da0de5c920,vii.university,available,19.99,81.99,high,low,3,name.com,,,
ac2a305a-6c1b-407f-b440-ea5e748028dd,frenzied.university,available,19.99,81.99,medium,low,8,name.com,,,18/08/2026 14:21
9981172f-b69f-455b-92c7-2cb5d5f88e5c,corinthian.university,available,19.99,81.99,high,low,10,name.com,,,13/08/2026 01:16
033e9703-e772-4b8c-ba0e-3624f41d0c94,lexical.university,available,19.99,81.99,medium,low,7,name.com,,,23/08/2026 00:42
5a6aed3d-314d-4fb5-ac4b-c71bababb3f7,arapahoe.university,available,62.99,62.99,medium,low,8,namesilo,,,20/09/2026 00:11
3dfaee35-4ca1-4141-acb8-07e898936267,unpaid.university,available,19.99,81.99,high,low,6,name.com,,,
95e75fd7-f136-4570-bc4c-ab36b206258b,stand.university,available,48.2,48.2,high,low,5,cloudflare,,,29/09/2026 00:58
12ff0b7b-6e3d-4107-a6db-217b982ab67f,retentive.university,available,62.99,62.99,high,low,9,namesilo,,,09/09/2026 11:47
de611363-cb81-410a-a7ae-15c84b09c0f8,unguarded.university,available,62.99,62.99,medium,low,9,namesilo,,,12/09/2026 11:39
b1015040-f0c9-453f-bca0-8802f0b5aa64,tending.university,available,62.99,62.99,high,low,7,namesilo,,,11/09/2026 11:15
50c28b4c-03b3-4900-a26c-e2cd30c8f7d9,spender.university,available,62.99,62.99,high,low,7,namesilo,,,19/09/2026 09:49
b472b2f1-e381-4918-b3bc-36527958ab96,proper.university,available,62.99,62.99,high,low,6,namesilo,,,27/09/2026 07:40
4655f2a3-377b-4ecf-911b-e4f021937f39,filmable.university,available,19.99,81.99,medium,low,8,name.com,,,18/08/2026 04:23
8eee564d-b716-4125-9692-230256ab10a6,mayfield.university,available,10.92,51.58,medium,low,8,dynadot,,,28/09/2026 12:21
af6cbcbd-7380-4b8b-8dd7-954aa8c03f2c,introductory.university,available,19.99,,high,low,12,name.com,,,
d595cfdc-b5f7-4aab-8d94-49810da549e6,size.university,available,49.88,49.88,high,low,4,spaceship,,,27/09/2026 22:17
af84a68f-d5aa-4450-801f-eb0fc44509a8,cornell.university,resell,,,high,low,7,,,,29/09/2026 00:29
41e051dd-69af-4325-8ddb-6e26990630f7,alummah.university,available,62.99,62.99,medium,low,8,namesilo,,,18/09/2026 01:08
23bbe468-98a1-4388-8a49-5e0c5496946c,budgets.university,available,48.2,48.2,medium,low,7,cloudflare,,,28/09/2026 08:37
dcd38a3c-c773-4dc6-80d1-c485f0d3b8cb,built.university,available,62.99,62.99,high,low,5,namesilo,,,23/09/2026 10:20
a0ff977c-412f-4bce-a5d9-33d7d85e5f04,gleam.university,available,19.99,81.99,high,low,5,name.com,,,20/08/2026 14:18
601e421e-7e7a-4ebe-8775-172b3a8de82f,cheltenham.university,available,10.92,51.58,medium,low,10,dynadot,,,28/09/2026 12:18
f5fa6a7b-f9bc-494a-8967-1a0118a461ed,klein.university,available,62.99,62.99,high,low,5,namesilo,,,25/09/2026 03:56
240d144d-a32b-40ca-9c9a-dc05c7086c5b,pills.university,available,62.99,62.99,medium,low,5,namesilo,,,20/09/2026 04:26
eecc4f48-987e-4d56-b9f9-2b6f305cbe86,leisure.university,available,10.81,49.95,high,low,7,porkbun,,,28/09/2026 12:28
5c9bfac5-c58c-4e80-83eb-9c117a82cccd,wander.university,available,49.88,49.88,high,low,6,spaceship,,,28/09/2026 01:37
4719d64c-ebb0-4915-a6b3-adb67675e88a,aliform.university,available,19.99,81.99,medium,low,7,name.com,,,
6ab8e80b-5b98-4c56-851a-55b5db9711e8,invasive.university,available,19.99,81.99,medium,low,8,name.com,,,16/08/2026 23:54
9b8a36e4-7543-4ffc-91c8-8b710d9dce43,majors.university,available,62.99,62.99,high,low,6,namesilo,,,23/09/2026 14:46
65f2cca2-0c7a-4e74-8c61-06736b68d7b8,kuwaiti.university,available,19.99,81.99,high,low,7,name.com,,,22/08/2026 17:05
f5744ee5-40de-4e9a-8b01-2fedc3dda948,arachnid.university,available,62.99,62.99,medium,low,8,namesilo,,,19/09/2026 23:40
956535f7-7374-4e2b-9b19-b0bc007c2ed0,dextral.university,available,19.99,81.99,medium,low,7,name.com,,,14/08/2026 05:28
84d28146-d68f-49d8-a5cf-a84d531afa66,canonical.university,available,19.99,81.99,high,low,9,name.com,,,11/08/2026 17:23
16420fd9-fb52-4c70-ab11-3448a5bc8bd0,consultant.university,available,49.88,49.88,high,low,10,spaceship,,,28/09/2026 19:05
f3f1afa5-811a-406a-be6c-3bf35a2dfb4f,sentiments.university,available,62.99,62.99,medium,low,10,namesilo,,,17/09/2026 07:39
6b5b68ee-e4c5-4381-891c-e1cf62484c6f,alinement.university,available,62.99,62.99,high,low,9,namesilo,,,18/09/2026 07:48
8a23da7f-a3dd-4e78-8ac4-745b0aa81d47,sparrow.university,available,10.81,49.95,high,low,7,porkbun,,,29/09/2026 00:43
bf42351e-b5ba-45e2-a552-35cc774b4b44,feature.university,available,65.98,77.98,high,low,7,namecheap,,,23/09/2026 13:48
aac6f9b2-6a49-442a-9af7-c724ac2560ac,georges.university,available,19.99,81.99,medium,low,7,name.com,,,25/09/2026 15:05
9abf076b-4dd9-438c-8c54-9b9a2cd3d1c4,insidious.university,available,19.99,81.99,medium,low,9,name.com,,,22/08/2026 07:05
01e18f15-dd84-42ea-a41e-64729d97b2a4,recognized.university,available,62.99,62.99,high,low,10,namesilo,,,21/09/2026 15:28
26893d5e-4cfc-4f3f-b194-5aad706a1731,peg.university,available,10.81,49.95,high,low,3,porkbun,,,27/09/2026 15:02
710d10b4-a1d9-490d-a3bb-4815b4932550,avaricious.university,available,19.99,81.99,medium,low,10,name.com,,,07/08/2026 21:48
51de9622-f066-4a4e-a214-fb26958c9254,sizable.university,available,19.99,81.99,high,low,7,name.com,,,20/08/2026 16:38
b2dc0673-df57-4915-a3c0-39a2bdbc7102,papa.university,available,62.99,62.99,high,low,4,namesilo,,,27/09/2026 04:37
489856bf-8f78-4f23-96fd-181ec6dde765,courier.university,available,65.98,77.98,medium,low,7,namecheap,,,28/09/2026 18:49
ea1d304c-0111-415c-8946-c4fc3dfd0de1,truculent.university,available,65.98,77.98,medium,low,9,namecheap,,,11/09/2026 20:29
54e54312-2d2c-4326-831f-18b171c1f784,challenged.university,available,49.88,49.88,medium,low,10,spaceship,,,28/09/2026 11:21
5ca40ffb-f722-42e7-9afd-85330bdee969,improperly.university,available,62.99,62.99,medium,low,10,namesilo,,,15/09/2026 04:32
306a42c6-9578-42e4-99ea-d1993df1889e,showering.university,available,19.99,,high,low,9,name.com,,,
79600361-2491-4fef-a221-9e79ddb50478,palmerston.university,available,62.99,62.99,medium,low,10,namesilo,,,28/09/2026 16:40
3e5309d4-804a-40c0-8f08-748b06e40c62,serb.university,available,62.99,62.99,high,low,4,namesilo,,,10/09/2026 04:35
6e11ecea-b74b-453c-8a0c-89adf6586453,asahikawa.university,available,62.99,62.99,medium,low,9,namesilo,,,20/09/2026 12:44
eb962ab6-5e65-4740-89cc-8455e208c7e9,baleen.university,available,62.99,62.99,medium,low,6,namesilo,,,21/09/2026 21:51
a954d8f4-db94-4162-b759-e5dae9929a55,artemis.university,available,62.99,62.99,high,medium,7,namesilo,,,20/09/2026 10:12
1d4fe78c-c6e8-46dc-a367-7ed50447cce2,airborne.university,available,19.99,81.99,high,low,8,name.com,,,
f0ddc4d8-e9eb-4427-956f-56ee7ff06fd0,suicide.university,available,62.99,62.99,high,low,7,namesilo,,,25/09/2026 05:57
baf6c10b-b2a2-4c6e-8027-bfafd248c73c,discrete.university,available,19.99,81.99,high,low,8,name.com,,,14/08/2026 10:02
ce0b62c8-271f-4cae-af9f-5bc6e5c51e19,sworn.university,available,65.98,77.98,high,low,5,namecheap,,,27/09/2026 04:14
5ecf01d4-f8d0-4439-8775-3fe5c304bbcf,cinematic.university,available,19.99,81.99,high,low,9,name.com,,,12/08/2026 08:13
a97a503e-428e-4985-aed6-73e950acaa64,governable.university,available,19.99,81.99,medium,low,10,name.com,,,12/08/2026 23:44
abcaf209-392f-4b5a-b90a-c36b308a12f0,mayoral.university,available,19.99,81.99,medium,low,7,name.com,,,24/08/2026 18:00
e3af54f4-13e9-4f01-9fb8-fdaa89d7e1dc,recurrent.university,available,62.99,62.99,high,low,9,namesilo,,,09/09/2026 11:57
e4be7b72-bf25-4537-99e2-087f77b743d5,using.university,available,19.99,,high,low,5,name.com,,,
ddc8adea-831e-443f-a1a4-ab35fb0f10e1,pdf.university,available,62.99,62.99,high,medium,3,namesilo,,,27/09/2026 06:22
b4f70717-2849-4d3a-b1e5-e35987c9a19a,critic.university,available,19.99,,high,low,6,name.com,,,
4379f30f-ff4d-4239-afb6-0dfe3fc17a22,pins.university,available,62.99,62.99,high,low,4,namesilo,,,18/09/2026 08:25
ae197b76-6177-4e51-8176-12b66218a983,sycophant.university,available,65.98,77.98,medium,low,9,namecheap,,,20/09/2026 15:34
24888a39-2924-49de-9414-be491977936a,prudent.university,available,62.99,62.99,high,low,7,namesilo,,,27/09/2026 07:54
3a09b429-3e4c-4685-9610-ca782f5f1482,somebody.university,available,62.99,62.99,high,low,8,namesilo,,,25/09/2026 17:05
971e3d09-da3e-43c9-9308-53c0d7157d9b,males.university,available,62.99,62.99,medium,low,5,namesilo,,,18/09/2026 00:29
e77a2985-ea9c-416c-bae1-ba3c5a346a85,bangor.university,available,62.99,62.99,high,low,6,namesilo,,,22/09/2026 01:58
19d8ff61-9e91-41f0-9d99-201dbe4a316a,occasionally.university,available,62.99,62.99,medium,low,12,namesilo,,,27/09/2026 17:20
f6d01db4-568f-4d40-b847-c8cdbe08dcdf,descending.university,available,65.98,77.98,medium,low,10,namecheap,,,28/09/2026 21:15
03c1a834-28ac-43b0-be74-6b01a91eeeee,und.university,available,62.99,62.99,high,low,3,namesilo,,,25/09/2026 11:22
e8d32938-faef-447a-aa88-295285adeb26,petulant.university,available,19.99,81.99,medium,low,8,name.com,,,22/08/2026 10:27
4e25dda4-d616-4c6f-bb19-44f9cee41ebb,auxiliary.university,available,19.99,81.99,high,low,9,name.com,,,
2c0369ec-2549-47d8-9a84-ab3f60f79163,gill.university,available,65.98,77.98,high,low,4,namecheap,,,24/09/2026 08:09
ed808b28-6fbc-49be-be22-76c205a7057d,tasteful.university,available,62.99,62.99,high,low,8,namesilo,,,11/09/2026 09:00
4a57cf34-21cd-45ce-8848-7e7e1a9959a4,fulgurant.university,available,19.99,81.99,medium,low,9,name.com,,,13/08/2026 18:59
25c043dc-15e5-4202-848d-2c071c06ec50,meyers.university,available,49.88,49.88,high,low,6,spaceship,,,27/09/2026 20:50
d62b7574-dcd3-43cd-b3f8-77c3efe20d4b,theban.university,available,62.99,62.99,medium,low,6,namesilo,,,11/09/2026 12:35
4f34e3bc-8c9a-467d-a5c1-f6ee54e5c760,bulging.university,available,19.99,81.99,medium,low,7,name.com,,,09/08/2026 13:41
dd6bd37a-0b58-4362-b28b-61e34338d7e9,harquebus.university,available,62.99,62.99,medium,low,9,namesilo,,,20/09/2026 08:40
34aee08a-fe5b-4607-96df-ff92c92281ea,versus.university,available,49.88,49.88,high,low,6,spaceship,,,27/09/2026 17:11
483c6398-e7e7-4685-a432-244a8daec702,yellow.university,available,62.99,62.99,high,medium,6,namesilo,,,23/09/2026 14:15
bf43aae3-d16a-4349-8420-51849970ec07,nowadays.university,available,62.99,62.99,medium,low,8,namesilo,,,28/09/2026 22:43
d82ca589-6ba6-45e6-b43a-e14cff12f5bc,beaner.university,available,65.98,77.98,medium,low,6,namecheap,,,22/09/2026 20:26
732e4daa-f10a-4fe2-bb99-84f6d39d4a3b,jillion.university,available,65.98,77.98,medium,low,7,namecheap,,,11/09/2026 19:52
3661dc31-9924-4de8-9107-7090408fb438,idler.university,available,19.99,81.99,medium,low,5,name.com,,,14/08/2026 14:10
20094a8c-db42-4b35-a93b-5154e4afc4f0,michael.university,available,62.99,62.99,high,medium,7,namesilo,,,25/09/2026 09:21
c2c0dff7-acf8-4523-8b1b-4695b8020704,ingrown.university,available,19.99,81.99,medium,low,7,name.com,,,22/08/2026 04:56
9a0cff9c-b012-4d8d-98ca-32d146f25dab,peopled.university,available,62.99,62.99,medium,low,7,namesilo,,,08/09/2026 15:32
c13ca446-a355-4324-a982-bf26285e26b2,tongue.university,available,19.99,,high,low,6,name.com,,,
391e9b46-7fe8-41a3-af5d-3935a94369d2,agonus.university,available,65.98,77.98,medium,low,6,namecheap,,,17/09/2026 18:59
5228c5c3-b695-4f73-80a3-74a4c989fe23,petition.university,available,62.99,62.99,high,low,8,namesilo,,,28/09/2026 10:38
9a1f6c51-7c4e-4fc3-87db-ed9117480b79,base.university,resell,,,high,medium,4,Dynadot Inc,24/06/2026 17:00,24/06/2027 17:00,26/09/2026 04:17
d95346be-40e5-4fec-bcef-cbde434a2271,lupine.university,available,19.99,81.99,medium,low,6,name.com,,,24/08/2026 11:39
94feed03-0134-44b0-85b2-87ef4248f094,dicky.university,available,19.99,81.99,medium,low,5,name.com,,,14/08/2026 06:27
ad00cb2b-117f-41a7-8049-877d13a6cedd,lynn.university,available,65.98,77.98,high,low,4,namecheap,,,27/09/2026 07:20
eb6dbf50-6fa3-4527-9ba7-02f91de09bf2,paying.university,available,62.99,62.99,high,low,6,namesilo,,,24/09/2026 22:11
95842ee5-d827-40dd-9c33-822abcfd7e1f,junction.university,available,49.88,49.88,high,low,8,spaceship,,,28/09/2026 06:09
fbd6ea31-c70d-461d-9fc1-2f858940fbd7,cologne.university,premium,118.8,118.8,high,low,7,namesilo,,,24/09/2026 16:20
959aa9a3-48af-468c-ac34-1c242c34e48d,copernican.university,available,19.99,81.99,high,low,10,name.com,,,13/08/2026 00:26
36aa5c20-d7f0-430a-9f05-7adf2aa2aecf,jutland.university,available,62.99,62.99,medium,low,7,namesilo,,,22/09/2026 15:18
017017e5-9d27-4c0e-b775-a8c691be38c0,infrequent.university,available,19.99,81.99,medium,low,10,name.com,,,22/08/2026 04:50
80e9c08f-c6b4-4a9c-9bff-e6fdacf37171,aengus.university,available,65.98,77.98,medium,low,6,namecheap,,,17/09/2026 12:29
b129733a-d5d5-4b14-a439-02847e92be50,sameness.university,available,19.99,81.99,medium,low,8,name.com,,,21/08/2026 15:12
65331e6c-64b6-4044-a016-e3501e13369f,shakable.university,available,62.99,62.99,medium,low,8,namesilo,,,10/09/2026 05:32
cfd2fcfc-4264-47c4-bcb2-a6731a4ebfc2,armistice.university,available,65.98,77.98,medium,low,9,namecheap,,,20/09/2026 07:13
e2031786-426a-4efe-9b3d-c918dad112f5,unsociable.university,available,19.99,81.99,medium,low,10,name.com,,,12/09/2026 20:09
438577da-f883-41ea-abb4-bc1ff14d3bbe,iso.university,available,,,high,high,3,,,,
f11be64f-3c87-4ec1-b0ac-80ef46ac6af0,mikey.university,available,19.99,,high,low,5,name.com,,,
8a898294-9a25-4aa5-bb03-ab05c0d18663,alehouse.university,available,62.99,62.99,medium,low,8,namesilo,,,18/09/2026 05:01
2879cecd-488d-449d-95d1-7e7834bbd353,beagle.university,available,65.98,77.98,high,low,6,namecheap,,,22/09/2026 19:37
4ab65a14-6c9e-4683-bcc0-617bc580a05c,otiose.university,available,19.99,81.99,medium,low,6,name.com,,,17/08/2026 20:56
8a000321-5458-4736-b473-80763d5a7a8a,digest.university,available,62.99,62.99,high,low,6,namesilo,,,24/09/2026 10:44
21a8d0fd-075f-443f-b62c-5691252817b6,ratios.university,available,62.99,62.99,medium,low,6,namesilo,,,20/09/2026 23:23
55932582-3f37-481c-9ce8-08ef4828a373,laffer.university,available,62.99,62.99,medium,low,6,namesilo,,,20/09/2026 10:59
68ec256b-4f19-4207-a474-4df2f62276fc,cheaper.university,available,62.99,62.99,low,low,7,namesilo,,,28/09/2026 08:27
ffc95d5b-7e04-4996-84ac-ff4996fa1295,allergen.university,available,62.99,62.99,high,low,8,namesilo,,,18/09/2026 10:53
bcb2f3fe-fe0c-4f65-a06a-5b73a45f3a17,stirred.university,available,19.99,81.99,high,low,7,name.com,,,25/08/2026 09:07
ddafdc90-d6ff-4739-b584-52456e7199fe,mimi.university,available,49.88,49.88,high,low,4,spaceship,,,28/09/2026 16:07
029a75ac-c9e3-4bf3-b5a7-8b3929673a96,dighted.university,available,19.99,81.99,low,low,7,name.com,,,14/08/2026 07:17
b9fb7715-8a54-4fed-9ee4-35f9079c4984,cloaks.university,available,62.99,62.99,medium,low,6,namesilo,,,17/09/2026 14:28
116be6a5-3825-4e50-8093-ccf056320102,tray.university,available,49.88,49.88,medium,low,4,spaceship,,,28/09/2026 11:01
b5de2d15-3652-430c-a7ad-d0e861c32331,andre.university,available,48.2,48.2,high,low,5,cloudflare,,,28/09/2026 04:04
bb691c11-cf93-41dc-9940-0fac5e45a4db,actinoid.university,available,19.99,81.99,medium,low,8,name.com,,,
387a18c4-9eae-47e6-af92-e1da9c2867dc,gnostic.university,available,19.99,81.99,medium,low,7,name.com,,,20/08/2026 15:47
035079cf-30eb-41a1-bd2e-9bbc61cdeaa1,his.university,available,77.98,,high,low,3,namecheap,,,
ddfe38af-c863-4d72-ac08-b057a5216d9c,railroad.university,available,62.99,62.99,high,low,8,namesilo,,,24/09/2026 23:46
fc5cd2f6-c48e-4146-920f-c063e5ea0e0f,loos.university,available,65.98,77.98,medium,low,4,namecheap,,,17/09/2026 09:32
6a685fa8-ad6e-40c4-a8b8-09a8545678b3,blether.university,available,62.99,62.99,medium,low,7,namesilo,,,24/09/2026 04:49
ad19ba57-6484-4260-9dd8-19b93d389546,sterilization.university,available,62.99,62.99,high,low,13,namesilo,,,16/09/2026 21:54
cc46ad96-cd51-48d6-bc27-92e7b7cd574d,ideally.university,available,49.88,49.88,medium,low,7,spaceship,,,28/09/2026 15:16
2c3840da-23b7-48c4-b43f-8f9ef88bd727,banneret.university,available,62.99,62.99,medium,low,8,namesilo,,,22/09/2026 02:54
82f7395d-fb22-4539-938e-8ee09f33ea27,damning.university,available,19.99,81.99,medium,low,7,name.com,,,13/08/2026 16:33
15151b34-f397-4170-b048-0cf9ae22adb4,tapering.university,available,19.99,81.99,medium,low,8,name.com,,,14/08/2026 21:50
4d383d9f-2d13-4840-aa4f-c991adf2392f,abbe.university,available,62.99,62.99,medium,low,4,namesilo,,,16/09/2026 14:22
26710e76-382b-4898-94d1-b8924f6c7e06,dogsledding.university,available,62.99,62.99,medium,low,11,namesilo,,,20/09/2026 01:02
040a073a-cb1e-4886-a74e-d5201eeae559,curst.university,available,19.99,81.99,medium,low,5,name.com,,,13/08/2026 11:34
aad0a3ec-9c6e-4d40-b78e-24ba9e6bcf04,milliliter.university,available,19.99,81.99,medium,low,10,name.com,,,11/08/2026 22:53
f3786403-fa3e-4382-8289-94113f0643c1,belisarius.university,available,65.98,77.98,medium,low,10,namecheap,,,23/09/2026 05:17
d75e4cf2-0dd3-4a33-a3d7-4e7d4a328120,assured.university,available,19.99,81.99,high,low,7,name.com,,,07/08/2026 08:21
556ced1a-0fbd-48f0-811b-09c62b6ff724,gerry.university,available,62.99,62.99,medium,low,5,namesilo,,,25/09/2026 15:41
36c70e34-990c-491d-bccc-ca8e95d45157,reservations.university,available,62.99,62.99,medium,low,12,namesilo,,,17/09/2026 23:30
2b6596bf-449c-4fd4-9213-5fbc4cbb4eec,aligning.university,available,19.99,81.99,medium,low,8,name.com,,,
d5032c84-eae0-4a12-ba6b-55d074f00926,slay.university,available,62.99,62.99,medium,low,4,namesilo,,,04/09/2026 00:55
ae648636-e6b1-4a73-80d2-72ea0b40d347,cheating.university,available,19.99,81.99,medium,low,8,name.com,,,12/08/2026 03:32
c18dba20-e710-462e-a817-2a20feb9a353,childhood.university,available,19.99,,high,low,9,name.com,,,
e621d793-1c69-4f53-98a6-45b41a3b7380,quiz.university,available,62.99,62.99,high,low,4,namesilo,,,27/09/2026 02:23
5cc7db5c-c1a0-45c6-8d5c-4669251480b2,oppenheimer.university,available,62.99,62.99,high,low,11,namesilo,,,28/09/2026 21:40
eede6166-405d-413d-a3c7-a4adf38e41cb,camera.university,available,19.99,,high,low,6,name.com,,,
4ad2782c-e282-4f57-803c-a243ce37a197,cantaloup.university,available,62.99,62.99,high,low,9,namesilo,,,24/09/2026 12:08
1fcbb583-af5c-4f3b-a9f9-e0ed5a2d079a,there.university,available,49.88,49.88,high,low,5,spaceship,,,28/09/2026 12:57
656ee7b2-7b03-4ba0-9720-911f2ab049d8,rnas.university,available,62.99,62.99,low,low,4,namesilo,,,29/09/2026 05:15
e22de1c6-92be-4882-b691-8e2da21f408a,assess.university,available,19.99,,high,low,6,name.com,,,
6e4627dd-0106-4ea8-99b2-4bb05c3f03cc,rolls.university,available,62.99,62.99,high,low,5,namesilo,,,27/09/2026 07:45
7c5070b9-9807-4fc2-9b79-b0c18139a85a,berne.university,available,65.98,77.98,medium,low,5,namecheap,,,23/09/2026 09:45
e07c19a6-efdf-4ce1-93d9-51fb42aeb8bd,bris.university,available,62.99,62.99,high,low,4,namesilo,,,23/09/2026 09:28
3e9a83e0-fc61-434e-b10c-c47241a714b8,hitler.university,available,62.99,62.99,high,low,6,namesilo,,,17/09/2026 09:31
fc519e8a-5f13-4235-8a72-8ffd6994f7c1,sweetener.university,available,62.99,62.99,high,low,9,namesilo,,,21/09/2026 19:45
ac05143b-6b81-4ec8-aeb7-2ce321f686a0,parade.university,available,62.99,62.99,high,low,6,namesilo,,,25/09/2026 09:47
a5ddf60e-f37c-4864-809a-3093a2913d99,revolutions.university,available,62.99,62.99,medium,low,11,namesilo,,,20/09/2026 15:34
cbefc032-376e-410d-8e40-0d217f96d6c1,arng.university,available,65.98,77.98,medium,low,4,namecheap,,,20/09/2026 08:02
36c89c58-f0cc-4e60-8073-822d2347435c,redden.university,available,19.99,81.99,medium,low,6,name.com,,,13/08/2026 06:34
3eecbc3c-e09d-462f-92ba-a3503feaa86a,sophisticated.university,available,19.99,,high,low,13,name.com,,,
669ec4d0-ef74-4e33-95f1-65f90842b0ca,psychical.university,available,62.99,62.99,medium,low,9,namesilo,,,09/09/2026 05:07
5246cb92-9849-4b5f-8989-55073cbec891,uncaused.university,available,19.99,81.99,medium,low,8,name.com,,,18/08/2026 12:45
5e555ff5-6110-4e3e-b57c-360832ad1205,slater.university,available,48.2,48.2,medium,low,6,cloudflare,,,28/09/2026 10:57
f697b523-e926-45e6-9234-836b9d92facc,amor.university,available,62.99,62.99,high,low,4,namesilo,,,18/09/2026 22:37
5a3600ac-8ac0-49fe-8350-bdeca17b8938,plague.university,available,49.88,49.88,medium,low,6,spaceship,,,29/09/2026 02:58
52ae71a5-1209-428b-b74e-2d196b57c1a5,provides.university,available,62.99,62.99,medium,low,8,namesilo,,,16/09/2026 11:52
d6f1b1e6-d888-41ac-abd0-74a1e5999a21,burp.university,available,62.99,62.99,high,low,4,namesilo,,,23/09/2026 04:37
9f3e0669-95b6-4046-8e61-6dda1862fe36,batna.university,available,62.99,62.99,medium,low,5,namesilo,,,22/09/2026 14:06
e96dd66e-46e9-4c6a-bcf8-697f7edd462f,barron.university,available,62.99,62.99,high,low,6,namesilo,,,27/09/2026 08:02
f8559440-cc09-490a-bebc-9eb19939577d,findings.university,available,10.81,49.95,high,low,8,porkbun,,,28/09/2026 19:12
9ed70d49-20ea-42fd-8b15-758043d6dc61,lunger.university,available,19.99,81.99,medium,low,6,name.com,,,12/08/2026 23:06
6f810064-5db8-4440-91b8-704b3dbea15e,lactic.university,available,62.99,62.99,medium,low,6,namesilo,,,04/09/2026 08:23
e4d3a07f-0126-45bc-8d80-e37faa262154,benzine.university,available,65.98,77.98,medium,low,7,namecheap,,,23/09/2026 08:53
513b6b63-f26f-4fb1-b881-294efcacb097,crossword.university,available,62.99,62.99,high,low,9,namesilo,,,24/09/2026 19:41
91b72d61-dbff-4c81-8cce-e641fed0c5ed,barberry.university,available,62.99,62.99,medium,low,8,namesilo,,,22/09/2026 04:51
6eddb649-c9f7-4495-a861-bf6b01fe46d2,veal.university,available,19.99,,medium,low,4,name.com,,,
8d631163-540b-4368-8040-2c3370abb5c1,hardin.university,available,62.99,62.99,medium,low,6,namesilo,,,28/09/2026 04:15
cf069d4e-a9c1-44e0-8200-1c801791b5a0,easterly.university,available,19.99,81.99,medium,low,8,name.com,,,14/08/2026 22:51
d749b40e-95c9-44c7-82b3-90263d0eb857,pissed.university,available,19.99,81.99,medium,low,6,name.com,,,
469dcba2-cc60-4a1a-84cd-76eb46a15894,interpersonal.university,available,19.99,,high,low,13,name.com,,,
cb612aa1-021f-40bf-b375-4e83a8fbdd04,cernuous.university,available,19.99,81.99,medium,low,8,name.com,,,12/08/2026 00:44
ddf63218-bd87-4367-a2bd-b81663fa73f0,gentile.university,available,19.99,81.99,high,low,7,name.com,,,18/08/2026 21:53
f983c12f-237e-49d5-83ff-149735dcc0b2,fleer.university,available,19.99,81.99,low,low,5,name.com,,,18/08/2026 17:47
74b0fa46-1ff0-4a62-9348-92466cbc7cc8,bitstock.university,available,62.99,62.99,medium,low,8,namesilo,,,23/09/2026 22:47
f65c8e5f-4952-49a7-b320-4f64314f1d42,disrespect.university,available,19.99,,high,low,10,name.com,,,
e41e731a-4316-4c36-9520-8cb177669fa2,unsold.university,available,65.98,77.98,medium,low,6,namecheap,,,12/09/2026 20:17
ffe551db-496c-4d58-a44f-aba1a370262f,feckless.university,available,19.99,81.99,medium,low,8,name.com,,,18/08/2026 00:31
87035078-7f0b-4266-adf3-c50b97520965,scads.university,available,62.99,62.99,high,low,5,namesilo,,,14/09/2026 23:36
a22869f2-5f3f-4f82-a0f5-da16b9b9c6bc,against.university,available,19.99,,medium,low,7,name.com,,,
8629f495-2afe-4687-bb7b-8a7bed628d6d,romance.university,available,62.99,62.99,high,low,7,namesilo,,,27/09/2026 15:59
622c284c-9682-4e67-bf6c-e899497e6fd3,abscissa.university,available,62.99,62.99,medium,low,8,namesilo,,,16/09/2026 17:32
9267c238-e361-4381-8af1-811df7d31861,awkwardly.university,available,62.99,62.99,medium,low,9,namesilo,,,13/09/2026 22:55
a8178ab0-f875-448c-b5a4-640b10e16147,easiest.university,available,62.99,62.99,medium,low,7,namesilo,,,28/09/2026 23:51
53400353-189e-4d16-9a18-38256e326d19,candor.university,available,65.98,77.98,high,low,6,namecheap,,,24/09/2026 12:01
d5f4d6d1-8d72-45d0-ab58-8c9e51b429c6,textures.university,available,65.98,77.98,medium,low,8,namecheap,,,20/09/2026 19:34
0e48e952-b30e-4f49-b2f6-26e2aca04826,biff.university,available,65.98,77.98,medium,low,4,namecheap,,,23/09/2026 13:51
bc4e454b-938a-4120-8af9-33526b70faf2,anseres.university,available,62.99,62.99,medium,low,7,namesilo,,,19/09/2026 12:08
53634eac-f1e7-4572-9273-f7a99d4ad586,impromptu.university,available,19.99,81.99,high,low,9,name.com,,,
56eab0a4-e45f-43e6-8dfe-afdb7f220547,earthman.university,available,62.99,62.99,medium,low,8,namesilo,,,11/09/2026 10:45
6f69eaa1-3c1a-4d22-b9ea-4a15b649683a,unfree.university,available,62.99,62.99,medium,low,6,namesilo,,,12/09/2026 10:43
242eea4b-15ba-4209-a881-b6950dcd1e01,unsaid.university,available,62.99,62.99,medium,low,6,namesilo,,,12/09/2026 09:43
9398dd33-60a7-4ea7-9a25-95f0b0003728,brutal.university,available,19.99,81.99,medium,low,6,name.com,,,08/08/2026 15:45
829e4f3f-c8d6-4e0f-955e-e09d142d5cd8,conviction.university,available,65.98,77.98,high,low,10,namecheap,,,24/09/2026 18:01
ca0dc3ce-d3fa-4b11-b235-4e3eda23bf09,suburbs.university,available,48.2,48.2,low,low,7,cloudflare,,,29/09/2026 05:04
b895bb86-ff2e-4578-b15d-11b64c677968,victorious.university,available,62.99,62.99,high,low,10,namesilo,,,13/09/2026 05:28
8c26a773-cc73-46c2-abda-fa594de6d5b7,interact.university,available,19.99,,high,low,8,name.com,,,
e2d75351-212c-4075-80d8-b7f14fba5ce2,unsent.university,available,65.98,77.98,medium,low,6,namecheap,,,12/09/2026 19:18
132467c3-85d4-4976-928d-ee3c415d9015,snyder.university,available,19.99,81.99,high,low,6,name.com,,,25/09/2026 18:53
9a2bd71c-45f7-4f1b-bf0c-6909d2842dde,meets.university,available,62.99,62.99,high,low,5,namesilo,,,27/09/2026 06:26
caceac92-1f2b-49b3-ba82-1889dbc0e3d7,september.university,available,19.99,,high,low,9,name.com,,,
6027285c-2208-4d7a-9039-72b421fb8c64,korean.university,available,19.99,81.99,high,low,6,name.com,,,22/08/2026 17:02
d7a6bc9e-58c5-40a4-9d71-d84e302b65b9,injured.university,available,19.99,81.99,high,low,7,name.com,,,22/08/2026 05:38
b453a43f-14a9-4a03-8d5e-367ff1e204f8,mccartney.university,available,49.88,49.88,medium,low,9,spaceship,,,28/09/2026 06:23
a8feaf0c-b422-43a4-bf60-ff582f29b7f4,yogi.university,available,62.99,62.99,high,low,4,namesilo,,,23/09/2026 10:04
2fd12b13-9717-4a58-ae9e-84e734d2d088,zaman.university,available,62.99,62.99,high,low,5,namesilo,,,18/09/2026 03:15
c00a4f76-043e-48cc-a6d7-97828a9119f9,handily.university,available,62.99,62.99,medium,low,7,namesilo,,,14/09/2026 08:35
c2fbad0f-897d-42d2-bd30-e2d5b59eb5e4,few.university,available,62.99,62.99,high,low,3,namesilo,,,24/09/2026 17:38
5456023a-30f1-4c9d-a701-1b12e0bc3204,catering.university,premium,102.67,102.67,high,low,8,spaceship,,,28/09/2026 18:37
40644eee-21ce-4841-b9f6-34698f92d0bb,beds.university,available,48.2,48.2,high,low,4,cloudflare,,,27/09/2026 18:14
a304370c-62ee-4bfd-b854-4fe30d7701ea,bore.university,available,62.99,62.99,high,low,4,namesilo,,,24/09/2026 12:50
1af006b6-9311-4d53-b385-1fc040a36d22,officially.university,available,62.99,62.99,high,low,10,namesilo,,,14/09/2026 19:44
811c8d5b-b99f-4d0d-a635-596bd76584b4,biases.university,available,65.98,77.98,low,low,6,namecheap,,,18/09/2026 23:44
bbd7f98d-d10d-4b3e-af86-e0507022fd5a,nasally.university,available,19.99,81.99,medium,low,7,name.com,,,15/09/2026 16:10
3b012d38-22fd-496a-ad07-496feba4f3ff,utility.university,available,62.99,62.99,high,low,7,namesilo,,,19/09/2026 06:04
821b205b-928c-4414-86d5-f2f7ac78e38b,nonwhite.university,available,19.99,81.99,medium,low,9,name.com,,,13/08/2026 18:06
4b825b6c-1db7-410c-9add-73d73c57ded5,org.university,premium,500,,high,medium,3,name.com,,,
35e977ea-3d52-4bfe-a20a-185f40cf96e2,biographic.university,available,19.99,81.99,high,low,10,name.com,,,10/08/2026 01:58
28c1c1a2-c7cf-4f4a-a6d3-3fb0f01ad842,geography.university,premium,68.51,68.51,high,low,9,spaceship,,,28/09/2026 19:20
ee840674-dcb4-479b-8212-b3fb41ebac46,stubbornly.university,available,62.99,62.99,medium,low,10,namesilo,,,14/09/2026 10:12
650c087f-5d14-4924-a745-f2078c10d419,janice.university,available,48.2,48.2,high,low,6,cloudflare,,,27/09/2026 19:53
ce3a83e4-db91-4911-adeb-656466f8986d,anaphor.university,available,62.99,62.99,medium,low,7,namesilo,,,19/09/2026 02:12
797dd308-7a28-48e0-b97e-c1781eb2da26,severity.university,available,62.99,62.99,medium,low,8,namesilo,,,20/09/2026 14:57
45c02ba4-a337-476c-88d8-9dec03dc8e99,creepy.university,available,65.98,77.98,high,low,6,namecheap,,,24/09/2026 01:42
0725e298-4299-46a1-8d91-59d6a6a49433,separately.university,available,62.99,62.99,medium,low,10,namesilo,,,15/09/2026 08:00
92f96352-5784-4a2e-bffe-eaf02928b888,galilean.university,available,19.99,81.99,medium,low,8,name.com,,,18/08/2026 19:37
28ac2bb0-3789-45d5-b419-98849c37a806,maine.university,premium,218.8,437.19,high,low,5,porkbun,,,28/09/2026 06:19
26484558-ed2b-4a0e-8e44-a74eda03d8f2,filaria.university,available,62.99,62.99,medium,low,7,namesilo,,,18/09/2026 06:14
05df94ce-e884-432c-9165-a339ac1dfd4f,diffused.university,available,19.99,81.99,medium,low,8,name.com,,,14/08/2026 07:08
d9c72871-d5c4-44c2-a230-3b1a3be3d8ee,amberbell.university,available,62.99,62.99,medium,low,9,namesilo,,,18/09/2026 16:32
b3f66590-c6be-46e4-9757-d0bbef9b2e3f,cortical.university,available,19.99,81.99,medium,low,8,name.com,,,13/08/2026 02:35
4a43cd22-3869-4911-a309-05e1298da529,paean.university,available,62.99,62.99,high,low,5,namesilo,,,05/09/2026 00:45
87447536-7eb8-476e-812c-8c0dfae30796,losing.university,available,62.99,62.99,high,low,6,namesilo,,,25/09/2026 11:49
95599690-a819-4465-b49a-fc5de8d7d924,heavily.university,available,19.99,81.99,medium,low,7,name.com,,,21/08/2026 05:28
fea5572a-b81b-4af8-bc06-4539ca56a486,pcs.university,available,62.99,62.99,high,low,3,namesilo,,,27/09/2026 08:22
d89f364f-d749-45ff-bb1a-c47ee4883a2a,quitting.university,available,62.99,62.99,medium,low,8,namesilo,,,17/09/2026 01:45
2a4d7d97-085a-4c96-81c4-b2388b52dcb4,aspic.university,available,62.99,62.99,medium,low,5,namesilo,,,20/09/2026 15:11
2c9f05ab-9939-47c7-9964-5f0434bb3322,irt.university,available,49.88,49.88,low,low,3,spaceship,,,29/09/2026 03:54
de1ca314-962b-4866-b190-a1e8b1749887,revised.university,available,49.88,49.88,high,low,7,spaceship,,,27/09/2026 14:32
d3617fb6-4901-47cf-9deb-03116b20d5af,beau.university,available,19.99,81.99,high,low,4,name.com,,,13/08/2026 17:13
e8fb50e4-644e-4395-a565-f01dbbdfaa5b,lunches.university,available,62.99,62.99,medium,low,7,namesilo,,,20/09/2026 07:45
1abb9ec9-8f98-4f71-88b1-ad72b6fd0f0e,razorback.university,available,62.99,62.99,high,low,9,namesilo,,,09/09/2026 10:48
a56e03ee-a13b-4429-8c75-f6df611412d2,coyol.university,available,62.99,62.99,medium,low,5,namesilo,,,17/09/2026 03:38
7455c6d5-b5ce-4206-8ba3-1707ef22bcde,argive.university,available,19.99,81.99,medium,low,6,name.com,,,06/08/2026 18:27
6a5d71c9-733e-4199-a718-09fb15f25211,agnomen.university,available,62.99,62.99,medium,low,7,namesilo,,,17/09/2026 18:44
7b58e25d-e128-400a-8bb8-11b0c1d3e552,aalii.university,available,62.99,62.99,medium,low,5,namesilo,,,16/09/2026 13:12
02769a39-8564-409d-9086-842fc0c01059,vivid.university,available,62.99,62.99,high,low,5,namesilo,,,25/09/2026 13:33
fb50947c-5d8b-41bb-8b41-6a1f1bdb524d,zhou.university,available,62.99,62.99,high,low,4,namesilo,,,25/09/2026 22:14
e35b445f-5bc0-4ffc-98ec-65a372ff5ab4,bohrium.university,available,62.99,62.99,medium,low,7,namesilo,,,20/09/2026 22:07
bea09e18-5d6d-49ee-9755-70397eee6151,epiphyte.university,available,62.99,62.99,medium,low,8,namesilo,,,17/09/2026 13:14
24ec04be-fa90-4ede-b1ea-cfdbf9d99772,session.university,available,48.2,48.2,high,low,7,cloudflare,,,28/09/2026 17:16
84391528-3ae5-4015-a032-d762d104ada7,blat.university,available,19.99,81.99,medium,low,4,name.com,,,10/08/2026 13:38
c6cbedc2-ddec-443d-85de-21436f4221b5,grands.university,available,62.99,62.99,medium,low,6,namesilo,,,20/09/2026 04:57
d003a3e9-558a-402a-b373-d74ea14f29bc,criticise.university,available,19.99,,medium,low,9,name.com,,,
3501d1c0-a59b-4ad8-bfe1-8d89192a3624,viewable.university,available,62.99,62.99,high,low,8,namesilo,,,13/09/2026 05:37
0ac8d7bc-9a65-4ad2-9960-0ac663b50c60,friendless.university,available,19.99,81.99,medium,low,10,name.com,,,18/08/2026 15:33
a7accd76-ef73-4cf9-9911-58b6813df5ef,herd.university,available,62.99,62.99,high,low,4,namesilo,,,24/09/2026 19:45
60b4a21d-dd3b-45c9-8263-4f6ebbdcb725,lester.university,available,49.88,49.88,high,low,6,spaceship,,,28/09/2026 05:11
91642c88-effb-4622-9429-b8f95ec99e21,palo.university,available,62.99,62.99,medium,low,4,namesilo,,,27/09/2026 01:51
99bfc212-7bf5-44c9-8383-8c1318590caa,allie.university,available,62.99,62.99,high,low,5,namesilo,,,17/09/2026 22:42
7438ee8e-5770-480d-8046-3d967816ee88,huey.university,available,65.98,77.98,high,low,4,namecheap,,,28/09/2026 21:17
09a5a0b9-e44b-44dc-b4ac-07685389948d,carbonic.university,available,19.99,81.99,medium,low,8,name.com,,,11/08/2026 18:37
f341d46d-5b77-4478-9c6f-9278ac45594a,assiduous.university,available,19.99,81.99,medium,low,9,name.com,,,07/08/2026 06:09
7b54a097-a08f-464f-b0fb-fcfe2a931031,boron.university,available,62.99,62.99,medium,low,5,namesilo,,,20/09/2026 23:12
32198778-993a-4c18-bc9b-807ab4b3e158,formicary.university,available,65.98,77.98,medium,low,9,namecheap,,,19/09/2026 13:26
dc8d8b0a-ab2c-4d2c-b868-58fc7b1f25d4,housebound.university,available,19.99,81.99,medium,low,10,name.com,,,21/08/2026 10:56
05292d60-9c2e-4732-942f-a2388b0ef725,vineyard.university,available,49.88,49.88,high,low,8,spaceship,,,28/09/2026 20:44
4f920fd9-1f69-4d7d-9c32-0c8e5783a7b4,bets.university,available,19.99,,high,low,4,name.com,,,
2a24fe79-a6c2-44f5-b48c-623fc6e2b6b9,bandeau.university,available,62.99,62.99,medium,low,7,namesilo,,,22/09/2026 01:04
306b8c34-4ef1-4291-bbcf-f6d3716f1d70,avicenna.university,available,62.99,62.99,high,low,8,namesilo,,,16/09/2026 18:41
1d577445-2a17-4719-95da-b2e30e18e5fc,user.university,available,62.99,62.99,high,medium,4,namesilo,,,25/09/2026 00:16
e8c1e8a1-0aa7-43d2-9d6d-1d040235d78b,sixpenny.university,available,19.99,81.99,medium,low,8,name.com,,,10/09/2026 09:06
59177d98-2453-45f8-b5f3-336305eb0d92,bespoken.university,available,19.99,81.99,medium,low,8,name.com,,,09/08/2026 17:31
0734779d-4c47-4974-9bd0-a6bddc77abf7,hans.university,available,19.99,,high,low,4,name.com,,,
0014d143-2555-4d5a-af30-175824857280,endurance.university,available,19.99,,high,low,9,name.com,,,
5786c799-4161-43b7-9bac-085501ad7fd1,pine.university,available,10.92,51.58,high,low,4,dynadot,,,28/09/2026 02:55
8a05409d-e74a-4b06-b18e-5dee1d642a7e,basilica.university,available,19.99,81.99,medium,low,8,name.com,,,22/09/2026 10:49
051f0a57-cf56-436c-a348-2c1479171a2d,multilevel.university,available,62.99,62.99,medium,low,10,namesilo,,,03/09/2026 10:46
cb6e5347-c715-4222-9042-0f29f09e77ea,americium.university,available,62.99,62.99,medium,low,9,namesilo,,,18/09/2026 15:35
4cdf5983-7e9a-494e-b079-05bd9e3d5480,pureblood.university,available,62.99,62.99,medium,low,9,namesilo,,,08/09/2026 13:00
895d0139-c3c9-4eed-98d9-a980566f4cbf,balfour.university,available,65.98,77.98,medium,low,7,namecheap,,,16/09/2026 12:19
8a1f9450-ac1d-4402-80e3-867a44a61c25,indirect.university,available,19.99,81.99,high,low,8,name.com,,,12/08/2026 16:43
3b42d6f8-c3a1-41fd-a067-d8262f571076,sensed.university,available,62.99,62.99,high,low,6,namesilo,,,08/09/2026 16:07
9f1cf638-c019-4385-b789-6793d333796b,gallic.university,available,19.99,81.99,medium,low,6,name.com,,,18/08/2026 15:02
ebc77d5d-10d3-4b6a-b069-5f4510acc32e,netted.university,available,62.99,62.99,medium,low,6,namesilo,,,03/09/2026 16:02
ae3728a5-3d82-4ab4-b4f0-9a65e18dcfd2,nonverbal.university,available,65.98,77.98,medium,low,9,namecheap,,,03/09/2026 21:00
238283f9-31bc-4229-86d1-e6ba61ac6fdc,lent.university,available,48.2,48.2,high,low,4,cloudflare,,,28/09/2026 14:42
0ef348af-dba2-4413-a8de-99f60dcd03bc,bosses.university,available,62.99,62.99,medium,low,6,namesilo,,,18/09/2026 05:55
8b8180eb-1d60-478d-84bb-97c5efdb8df3,zooming.university,available,19.99,,high,low,7,name.com,,,
07fbb706-b28c-4a4c-9b73-098ac28cc4f9,lan.university,available,19.99,,high,low,3,name.com,,,
bad76a47-09d7-4e18-a1aa-9941c4c6ce23,skinner.university,available,62.99,62.99,high,low,7,namesilo,,,21/09/2026 11:52
b1ad11ec-4c47-40cf-9a91-f38ac38c183e,subaltern.university,available,19.99,81.99,medium,low,9,name.com,,,22/08/2026 14:29
8822255a-0884-4e6e-97a9-b8ddfc58d798,jose.university,available,49.88,49.88,medium,low,4,spaceship,,,28/09/2026 11:51
479108be-1794-4672-bfbe-3725af6fd89b,recycled.university,available,19.99,,high,low,8,name.com,,,
f5d26aa4-b898-4589-a164-1402ac665f2c,acerola.university,available,62.99,62.99,medium,low,7,namesilo,,,16/09/2026 23:42
a288a3ff-ae85-48fa-866f-66afd3b1cc7e,claptrap.university,available,62.99,62.99,medium,low,8,namesilo,,,24/09/2026 03:39
a65479f1-4cae-4b2f-8a5c-2ab6a3a20e7b,sloane.university,available,62.99,62.99,high,low,6,namesilo,,,28/09/2026 16:12
60ee04bc-0233-4ee3-9be8-7e8ea8ba381b,frightened.university,available,19.99,81.99,medium,low,10,name.com,,,18/08/2026 15:37
30f555d1-178a-46ab-b7a7-9c1c1b95500f,malayan.university,available,19.99,81.99,medium,low,7,name.com,,,24/08/2026 13:44
3a690c52-2897-484a-979c-b6c922dd78f4,searches.university,available,62.99,62.99,medium,low,8,namesilo,,,20/09/2026 07:30
285cb0d3-cc80-467f-aa47-08382f6c0a81,graph.university,available,19.99,,high,low,5,name.com,,,
638e0c3c-3445-4331-bb33-09d463cb05d6,groovy.university,available,19.99,81.99,high,low,6,name.com,,,08/08/2026 12:35
75e2e59c-ee7c-4289-a428-0395eb4020ae,convicted.university,available,48.2,48.2,medium,low,9,cloudflare,,,27/09/2026 23:23
86990387-2bd7-4979-bee0-3bde1a4c5856,shrubby.university,available,19.99,81.99,medium,low,7,name.com,,,18/08/2026 17:15
5e15e75f-8535-4433-892e-c62407b96a3e,thirst.university,available,10.92,51.58,high,low,6,dynadot,,,28/09/2026 19:46
ccebd018-fa29-4b54-b9b4-fd269d1abc6d,scanners.university,available,62.99,62.99,medium,low,8,namesilo,,,19/09/2026 22:09
b5a15b60-7a30-44ff-b7c9-6528f3403ef6,rarest.university,available,62.99,62.99,medium,low,6,namesilo,,,20/09/2026 08:14
f2d8463a-4007-4ae3-81c1-7aaeb9d449c7,bentonite.university,available,62.99,62.99,high,low,9,namesilo,,,23/09/2026 08:46
82fe5cb4-0d43-4418-9447-f059a2ba1e4e,norte.university,available,65.98,77.98,high,low,5,namecheap,,,27/09/2026 07:02
ebaf1e7a-6273-46fd-896a-996d187f1f70,nearby.university,available,62.99,62.99,high,low,6,namesilo,,,03/09/2026 14:32
8d35dcd3-5b20-4b69-bf52-9d07020b0dbd,rod.university,available,19.99,,high,low,3,name.com,,,
1b457e13-bb3d-4896-9793-d21a5bee4452,nutrients.university,available,62.99,62.99,medium,low,9,namesilo,,,21/09/2026 00:14
b971176b-28f4-4257-bd3c-020de6a3aa76,sloshed.university,available,19.99,81.99,low,low,7,name.com,,,09/08/2026 15:48
01b3d391-1121-4695-87ae-0e31580df722,manpower.university,available,49.88,49.88,high,low,8,spaceship,,,28/09/2026 14:49
7c9d3cf2-5224-4bb8-8f16-5569e1713314,irwin.university,available,65.98,77.98,medium,low,5,namecheap,,,25/09/2026 20:02
65fb339c-c5a7-42f1-8220-a2bc083e5e30,berlioz.university,available,62.99,62.99,medium,low,7,namesilo,,,23/09/2026 09:39
3f36a815-1e25-4af8-837c-58cae9f42760,airlines.university,available,49.88,49.88,medium,low,8,spaceship,,,28/09/2026 17:53
3aaddf04-44f4-4238-8dd0-b17d57f87578,intricate.university,available,65.98,77.98,high,low,9,namecheap,,,25/09/2026 10:49
d4c84b3a-d699-4835-9eff-2444173c49c7,werewolves.university,available,62.99,62.99,low,low,10,namesilo,,,19/09/2026 01:01
87adb3a3-3d46-4f50-8df8-4505b309d8e9,covered.university,available,62.99,62.99,high,low,7,namesilo,,,24/09/2026 00:50
b1db1757-c105-4008-b643-9cee5454a69a,desolate.university,available,19.99,81.99,medium,low,8,name.com,,,08/08/2026 21:07
f29a83cd-4cd8-451f-a287-7abfdee83e8e,bosnia.university,available,62.99,62.99,high,low,6,namesilo,,,25/09/2026 02:00
52580849-0d47-4eca-b974-36bbb01c4b71,baptism.university,available,62.99,62.99,high,low,7,namesilo,,,22/09/2026 03:27
30b69912-7b59-41d1-9345-d4422dc38045,toffee.university,available,19.99,81.99,high,low,6,name.com,,,11/08/2026 04:53
7d6825ac-4999-4027-9711-4ab8de449dc5,apposite.university,available,19.99,81.99,medium,low,8,name.com,,,06/08/2026 07:53
4239ad88-032a-4e70-9fc8-bf8451f8c5b0,antiserum.university,available,62.99,62.99,medium,low,9,namesilo,,,19/09/2026 15:05
305b8c30-01dc-4813-995f-bf99c0710ae7,seasonally.university,available,62.99,62.99,medium,low,10,namesilo,,,16/09/2026 00:48
a80e096b-c716-4fe4-96c6-a81001dfdd56,flags.university,available,19.99,,high,low,5,name.com,,,
cdd6f3bb-0e42-4685-be0a-9c5199b57374,chemistry.university,available,62.99,62.99,high,low,9,namesilo,,,28/09/2026 12:10
d33626a2-0597-47c1-8dd7-2e105801a927,pleasing.university,available,62.99,62.99,high,low,8,namesilo,,,27/09/2026 04:10
bc8aadfa-a217-4549-a593-ca4ea5221df4,hiding.university,available,62.99,62.99,high,low,6,namesilo,,,08/09/2026 11:45
455e9d70-476b-46a8-8692-184c80cc773b,haply.university,available,62.99,62.99,medium,low,5,namesilo,,,14/09/2026 04:36
733f08f3-d308-419c-8f9d-1b8d835b1427,wain.university,available,65.98,77.98,medium,low,4,namecheap,,,23/09/2026 14:30
15c8d4fc-e1c6-4b99-b9fe-5f298bd1751b,cowardly.university,available,19.99,81.99,medium,low,8,name.com,,,13/08/2026 04:07
ff428a73-9545-46e6-80f9-0b59fd894ac7,gyroscopic.university,available,19.99,81.99,medium,low,10,name.com,,,20/08/2026 21:21
b5483dfe-026f-4404-9727-6b443b1be8a0,miniskirt.university,available,19.99,81.99,high,low,9,name.com,,,24/08/2026 23:47
f6b1c930-f758-4dff-805e-bab28a1774fd,abi.university,premium,68.51,68.51,high,low,3,spaceship,,,29/09/2026 03:38
f03d6dce-9c31-4855-b3d0-1bdb3fb5f2f7,shaper.university,available,19.99,,high,low,6,name.com,,,
85eac906-d9e4-49ea-a14a-acabdfa7a19f,inuit.university,available,49.88,49.88,medium,low,5,spaceship,,,28/09/2026 09:42
ee35e28a-0042-4279-8633-3bb094a981c6,scaley.university,available,62.99,62.99,medium,low,6,namesilo,,,09/09/2026 22:18
daf7bfb7-0896-4b79-8361-bfcc375f89f3,legends.university,available,65.98,77.98,high,low,7,namecheap,,,28/09/2026 18:05
c331c016-ae9b-480c-a028-6c05cb2a5a24,disuse.university,available,62.99,62.99,medium,low,6,namesilo,,,24/09/2026 23:14
27ed23a5-40c4-4063-bf1c-84e1531a6b8f,nonfat.university,available,19.99,81.99,medium,low,6,name.com,,,17/08/2026 23:23
5ffdc893-9145-4c2b-b373-4a8f5a9d615f,conjunction.university,available,19.99,,high,low,11,name.com,,,
ef321831-5ec7-4eeb-9c04-912f7527bf66,sensation.university,available,65.98,77.98,high,low,9,namecheap,,,21/09/2026 17:34
466720ac-c445-4788-8572-397976e83a6d,cocksure.university,available,19.99,81.99,medium,low,8,name.com,,,12/08/2026 15:00
3d53d759-5bcd-44ca-b6ce-905f99699ca1,heavy.university,available,62.99,62.99,high,low,5,namesilo,,,22/09/2026 07:40
5340e82b-c675-4ff6-b78a-ef0612fa28c6,mechanics.university,available,62.99,62.99,high,low,9,namesilo,,,28/09/2026 02:33
88f9134f-42c7-468c-bb84-622060dce0a6,economics.university,available,48.2,48.2,high,low,9,cloudflare,,,28/09/2026 19:02
63daa141-75a8-4a58-840f-f6bff3bb571d,kpa.university,available,62.99,62.99,medium,low,3,namesilo,,,28/09/2026 16:13
0e9af092-b533-48c4-866f-d384a6f1ed0f,pony.university,available,19.99,,high,low,4,name.com,,,
4c64ddaf-6040-4fb3-92a0-ee8efde1769e,abilene.university,available,65.98,77.98,high,low,7,namecheap,,,16/09/2026 15:54
521f9e92-47f9-4ca0-b9db-db4adda4c4af,nathaniel.university,available,62.99,62.99,medium,low,9,namesilo,,,25/09/2026 14:50
fa48351c-3f65-48c8-9221-78e8ead58c23,undue.university,available,19.99,81.99,medium,low,5,name.com,,,17/08/2026 16:19
f4800798-a1f9-4795-94ed-e2b587db9493,clerk.university,available,19.99,,high,low,5,name.com,,,
3ebb987f-a75f-4643-9847-c2e15a966bab,artois.university,available,65.98,77.98,medium,low,6,namecheap,,,20/09/2026 12:02
e497120e-9814-4f0c-8982-2f13847121cb,amethyst.university,available,62.99,62.99,high,low,8,namesilo,,,22/09/2026 04:15
5f30431a-a065-41e0-b647-9320c38b578c,birthright.university,available,65.98,77.98,high,low,10,namecheap,,,23/09/2026 21:20
a48013c4-ab50-4c6a-82c0-269c875e3275,jump.university,available,62.99,62.99,high,low,4,namesilo,,,22/09/2026 02:34
da4bfdb2-7859-4bc5-b165-d8ee02e6e1d6,leakproof.university,available,19.99,81.99,medium,low,9,name.com,,,22/08/2026 21:59
c9a2e173-363b-4895-9c0c-6ca3aa809365,sprawl.university,available,62.99,62.99,medium,low,6,namesilo,,,10/09/2026 16:41
51aafedc-da68-4ec3-9394-c1a719bc4e72,patriotism.university,available,19.99,,high,low,10,name.com,,,
96dfd42c-2ccd-4faf-963f-e074f14434e7,performs.university,available,19.99,,medium,low,8,name.com,,,
6867b8b3-22cc-4918-8362-5cf88cd44fc1,curving.university,available,19.99,81.99,high,low,7,name.com,,,13/08/2026 11:49
b87c5105-8538-4173-b3cb-8a605046f85e,colorise.university,available,19.99,81.99,medium,low,8,name.com,,,12/08/2026 17:36
5c8a59d6-33ba-480d-887f-41a2476cc0aa,served.university,available,62.99,62.99,medium,low,6,namesilo,,,25/09/2026 17:23
a588fcef-671f-4dfc-96e8-04de63060778,guarded.university,available,19.99,81.99,high,low,7,name.com,,,20/08/2026 20:41
08ee58a5-0e82-4b17-8606-77908a48d621,advisedly.university,available,62.99,62.99,medium,low,9,namesilo,,,13/09/2026 17:38
40797151-1ad1-47f7-ba86-8ba45229c2f4,pact.university,available,62.99,62.99,high,low,4,namesilo,,,28/09/2026 06:32
ef2a8486-5f97-4688-bd04-d60ac10eb70d,measurably.university,available,62.99,62.99,medium,low,10,namesilo,,,15/09/2026 13:50
7deda7a2-7965-42f2-b2cb-f814c03732b6,blended.university,available,19.99,81.99,high,low,7,name.com,,,10/08/2026 14:14
e1badfaa-38f7-4f8b-8225-a38c747468fe,surveys.university,available,65.98,77.98,high,low,7,namecheap,,,17/09/2026 07:59
3aa33d2b-4958-4114-809a-aa8d25c608e5,metaphoric.university,available,19.99,81.99,medium,low,10,name.com,,,24/08/2026 21:45
98985250-3b35-4eb0-b428-5206abb429ad,veins.university,available,65.98,77.98,medium,low,5,namecheap,,,28/09/2026 08:48
6067660c-6204-4c0e-b103-02c4dbe876bf,experienced.university,premium,78.54,78.54,high,low,11,namesilo,,,
9aa21867-b2fd-48db-918e-c5fa0e1cb3e6,zombi.university,available,62.99,62.99,medium,low,5,namesilo,,,21/09/2026 07:04
c0d72d8b-6cb6-4bc6-aa7c-050c06fe4604,alcoves.university,available,62.99,62.99,low,low,7,namesilo,,,20/09/2026 22:35
c89ec7e5-6c85-46a3-b591-8bd240a439ee,levels.university,available,62.99,62.99,high,medium,6,namesilo,,,27/09/2026 11:07
43e7750b-a957-4f82-b7b0-c47555ea59d8,dumping.university,available,49.88,49.88,medium,low,7,spaceship,,,28/09/2026 13:56
bc2f2a5f-c479-4b97-9f66-a6af176ef99b,saccade.university,available,19.99,81.99,medium,low,7,name.com,,,22/08/2026 12:47
4cc03ca0-f76e-4bea-a356-db1d675e1495,whoever.university,available,19.99,,medium,low,7,name.com,,,
2ec11041-d03a-4581-a254-feff6f45897a,esfahan.university,available,65.98,77.98,medium,low,7,namecheap,,,20/09/2026 14:33
f615af0c-b099-4597-92ea-a4c23971c287,portland.university,premium,242,242,high,low,8,namesilo,,,
af7cdfaf-a0f3-45b2-aefe-8290506fb35e,kamikaze.university,available,19.99,,medium,low,8,name.com,,,
eda8cf14-e8e0-4824-bf29-a7b43a6dfd2f,ronnie.university,available,62.99,62.99,high,low,6,namesilo,,,27/09/2026 07:42
aef437af-39ee-4170-8922-42e958f358ae,mightily.university,available,19.99,81.99,medium,low,8,name.com,,,24/08/2026 22:45
85a4b627-dbdb-4e19-8b64-2761b51a23bf,ellipse.university,available,19.99,81.99,high,low,7,name.com,,,04/09/2026 19:52
1296c315-dc35-4fda-8aed-4a10bbf87614,olivia.university,available,62.99,62.99,high,low,6,namesilo,,,28/09/2026 07:43
2bb7b85c-93bb-45bc-b5e9-be5ebb9c3525,headlines.university,available,49.88,49.88,high,low,9,spaceship,,,28/09/2026 12:49
f6919885-7059-44f2-ae2f-b329628a9126,revocation.university,available,62.99,62.99,medium,low,10,namesilo,,,19/09/2026 11:02
10010281-dfab-42ee-b432-e9c333b0379e,westwards.university,available,62.99,62.99,medium,low,9,namesilo,,,13/09/2026 11:02
7ebce36d-029d-42ff-b9d7-155d1f5b0f2c,aldrich.university,available,49.88,49.88,medium,low,7,spaceship,,,28/09/2026 04:14
57b4fe16-01be-4b4a-9497-8f497b3c09c3,unadvised.university,available,19.99,81.99,medium,low,9,name.com,,,21/08/2026 18:49
19fbd4f0-a4ed-4ee8-a55d-74767644fda1,arboreous.university,available,19.99,81.99,medium,low,9,name.com,,,06/08/2026 12:59
7e486d8c-c904-44c4-86dd-cf097ee649e9,sashay.university,available,62.99,62.99,medium,low,6,namesilo,,,11/09/2026 05:14
529914bc-f38a-421e-84f0-9b39a3b2ae28,loth.university,available,19.99,81.99,medium,low,4,name.com,,,24/08/2026 08:19
f04ba80b-3931-4f6c-84e6-737416862475,andrei.university,available,10.92,51.58,high,low,6,dynadot,,,28/09/2026 04:07
f6170c68-79dc-4345-9988-590df3f0b879,markus.university,available,62.99,62.99,high,low,6,namesilo,,,28/09/2026 21:58
23883b67-6243-4921-bad4-936b71c532a9,bikers.university,available,62.99,62.99,high,low,6,namesilo,,,23/09/2026 15:36
09c09e22-9a86-42b6-806d-0e991498cd58,hoofed.university,available,19.99,81.99,medium,low,6,name.com,,,21/08/2026 13:40
40ee872f-ec42-4971-bbed-217e59c1b813,ascetic.university,available,19.99,81.99,medium,low,7,name.com,,,07/08/2026 00:56
47c4db0d-a442-406f-914f-eea8689e2d55,colonized.university,available,19.99,81.99,medium,low,9,name.com,,,12/08/2026 17:23
9845e5dc-c66d-4689-8f50-7e885c058bcf,afford.university,available,62.99,62.99,high,low,6,namesilo,,,25/09/2026 11:07
49492eb8-d8b7-4008-a594-5be2a9c50dab,fifth.university,available,19.99,81.99,high,low,5,name.com,,,
b29b9a32-b859-4cfc-8253-cf4646f5fa1d,oleaceous.university,available,62.99,62.99,medium,low,9,namesilo,,,04/09/2026 02:06
1a591045-a9fd-4453-85ff-457f355e8bcf,poison.university,available,65.98,77.98,high,low,6,namecheap,,,11/09/2026 18:25
d888b0fe-bb00-4dc9-8eeb-2fc40ba37c3c,bluebottle.university,available,65.98,77.98,medium,low,10,namecheap,,,21/09/2026 14:09
b86b77e6-e352-45b1-a758-fa55edbf6b87,ardisia.university,available,62.99,62.99,medium,low,7,namesilo,,,20/09/2026 03:10
115753ee-d49a-45f3-bd25-3fe6bf7a829f,baghdad.university,available,62.99,62.99,medium,low,7,namesilo,,,29/09/2026 00:27
32fdecd7-db38-4a4f-a069-66c397c63cae,bach.university,available,62.99,62.99,high,low,4,namesilo,,,21/09/2026 14:07
5bc9025b-1819-4831-8578-7dce773216b8,aswan.university,available,65.98,77.98,medium,low,5,namecheap,,,20/09/2026 16:34
c8d3a44c-dd70-4bb4-9c54-19b7d486c4fe,malcontent.university,available,19.99,81.99,medium,low,10,name.com,,,14/08/2026 09:23
c9d5254b-6e3d-4638-940c-78990b62f1e7,collision.university,available,19.99,,high,low,9,name.com,,,
a2177814-e31e-4aff-938f-1daa62c01a8a,seeking.university,available,62.99,62.99,high,low,7,namesilo,,,27/09/2026 15:47
fe5387d6-5e0c-4cfa-8d4e-621e4808bd4d,occurred.university,available,62.99,62.99,medium,low,8,namesilo,,,18/09/2026 13:50
e675cd02-5cfa-477c-96a5-00447607552f,greenly.university,available,62.99,62.99,medium,low,7,namesilo,,,14/09/2026 22:19
686f71ca-9571-4d9a-91f2-4dbd02c5e171,concert.university,available,62.99,62.99,high,low,7,namesilo,,,28/09/2026 03:31
d5e89777-2ae1-4772-8cba-64de1ea35d92,bowhead.university,available,65.98,77.98,medium,low,7,namecheap,,,21/09/2026 20:32
e055fe8c-897a-4b57-a227-59776975388d,absorbency.university,available,65.98,77.98,medium,low,10,namecheap,,,16/09/2026 18:15
c3d1bfbb-5717-43e9-b820-4da21af99b9a,dealt.university,available,62.99,62.99,medium,low,5,namesilo,,,28/09/2026 08:17
c9b509f7-93db-4047-8b14-539805fe15e0,cxxxv.university,available,19.99,81.99,medium,low,5,name.com,,,
0b4b5185-e68e-4786-a05a-d6571541b22b,abor.university,available,62.99,62.99,medium,low,4,namesilo,,,16/09/2026 16:36
5249e9e1-3047-4e8a-a88a-5f1fc6017f73,whats.university,available,62.99,62.99,medium,low,5,namesilo,,,20/09/2026 02:25
16ef0376-2e02-4bc6-8c84-641f7efb0e5e,beefalo.university,available,62.99,62.99,medium,low,7,namesilo,,,23/09/2026 01:04
7cb78c23-e0bc-417f-b66e-fb7271827238,volunteering.university,available,62.99,62.99,high,low,12,namesilo,,,17/09/2026 09:33
a31390c0-4434-42c4-a593-9471b3f67b1d,enclosed.university,available,19.99,81.99,high,low,8,name.com,,,16/08/2026 22:21
33f270bf-c156-4fb6-9533-d0224f12ba4d,abattis.university,available,62.99,62.99,medium,low,7,namesilo,,,16/09/2026 14:11
e00d9808-83b0-4fb0-9a21-9255e6d64848,incredible.university,available,62.99,62.99,high,low,10,namesilo,,,25/09/2026 09:04
f51315cd-775a-4954-b914-e598250fafa0,advancer.university,available,62.99,62.99,medium,low,8,namesilo,,,17/09/2026 10:28
c10eadb6-7d15-49d0-914c-23dccf708289,janet.university,available,62.99,62.99,high,low,5,namesilo,,,25/09/2026 13:29
8952db5e-a039-43da-9983-fe45b44aa0fc,butterflies.university,available,19.99,81.99,high,low,11,name.com,,,16/09/2026 12:02
bce6210d-0cc4-4c6f-b77f-dd330f7bb831,menace.university,available,62.99,62.99,high,low,6,namesilo,,,29/09/2026 01:40
cd26bee7-9692-4341-8c18-9dcd5f19fd81,knobbly.university,available,19.99,81.99,medium,low,7,name.com,,,22/08/2026 16:31
aeaf582d-39b5-474d-be93-48078f96e993,shows.university,available,62.99,62.99,high,low,5,namesilo,,,18/09/2026 14:42
3779f9de-7657-47f8-91db-3198fd4aa11c,vivacious.university,available,62.99,62.99,high,low,9,namesilo,,,13/09/2026 05:07
126fac98-0428-42d7-8948-22906b4df5e7,deftly.university,available,62.99,62.99,medium,low,6,namesilo,,,14/09/2026 11:20
18993ea1-7322-4c91-918e-2a1c7c161e8f,allargando.university,available,19.99,81.99,medium,low,10,name.com,,,
62d85208-ac3f-4fd8-ae2a-1e316624cfd4,ephesian.university,available,19.99,81.99,medium,low,8,name.com,,,17/08/2026 10:24
8c1e434d-1269-4520-90b1-00143f3f5b09,tuscan.university,available,65.98,77.98,high,low,6,namecheap,,,11/09/2026 21:27
26c06814-3046-4f19-89f1-92ecb50e1a82,boxlike.university,available,19.99,81.99,medium,low,7,name.com,,,10/08/2026 23:56
c83146ef-5892-4b55-8b0a-5a2dc5763757,hallowed.university,available,19.99,81.99,high,low,8,name.com,,,20/08/2026 22:52
ad6e41a9-d9d3-41c1-b424-c211c18bd5e4,kuomintang.university,available,49.88,49.88,medium,low,10,spaceship,,,28/09/2026 14:23
85093043-a641-4376-b7a2-f08b493f22c5,arrowsmith.university,available,62.99,62.99,medium,low,10,namesilo,,,20/09/2026 09:31
24253bcc-f088-4c13-bcdd-13f54c58a3b8,ratio.university,available,49.88,49.88,high,low,5,spaceship,,,28/09/2026 15:13
09c7ae01-d05c-4dc9-937c-8b306a7ac923,pla.university,available,65.98,77.98,high,low,3,namecheap,,,27/09/2026 18:08
f3f7c727-7ea9-41db-99d9-da53601a40cb,numb.university,available,65.98,77.98,medium,low,4,namecheap,,,22/09/2026 19:39
17b79d5a-9c50-4ffa-9f16-f566f30dffd2,torrid.university,available,19.99,81.99,medium,low,6,name.com,,,06/08/2026 16:35
fe919f2d-1809-4fdc-9d05-b7a266223a18,traced.university,available,62.99,62.99,medium,low,6,namesilo,,,28/09/2026 13:04
e4ac0ee6-4f46-49ee-9927-ea82a5b4cde2,miles.university,available,62.99,62.99,high,low,5,namesilo,,,25/09/2026 17:17
0e64480c-b410-4bfa-9252-4adfff51a6ae,clove.university,available,65.98,77.98,high,low,5,namecheap,,,24/09/2026 16:05
e3684a13-f9ca-403a-92e6-b22f85f2a641,nattily.university,available,62.99,62.99,medium,low,7,namesilo,,,15/09/2026 16:12
f5ddcca8-6e5a-4f3e-abd9-bc8589cc67c4,static.university,available,19.99,81.99,high,low,6,name.com,,,16/08/2026 02:42
f1c9c3c5-94c5-4836-a284-3cffaf5e7184,rueful.university,available,19.99,81.99,medium,low,6,name.com,,,12/08/2026 23:38
b33e89ea-31f5-4b5b-97bb-3ac3092cb30e,inferior.university,available,19.99,81.99,high,low,8,name.com,,,22/08/2026 04:19
08eb8c16-ab37-4c07-a742-7c5dcd60a196,adenoma.university,available,62.99,62.99,medium,low,7,namesilo,,,17/09/2026 07:30
d99fd4bd-4d0f-431e-842d-e7a2439dd514,baedeker.university,available,62.99,62.99,medium,low,8,namesilo,,,21/09/2026 17:22
c7e4ee5e-c4ec-49a3-8707-381e501e8ccb,uppity.university,available,62.99,62.99,medium,low,6,namesilo,,,12/09/2026 23:17
88311733-a41b-4808-a1af-e20e54603ac1,suety.university,available,62.99,62.99,low,low,5,namesilo,,,11/09/2026 01:08
5b353a60-edbd-4565-b252-d561335f6b95,quirky.university,available,19.99,81.99,high,low,6,name.com,,,17/08/2026 22:23
a733e9d2-7487-4098-bc0a-0781df407c20,evan.university,available,62.99,62.99,high,low,5,namesilo,,,25/09/2026 13:11
15221ce4-144c-4535-aa01-debc901b164b,unequal.university,available,19.99,81.99,medium,low,7,name.com,,,22/08/2026 00:15
aaf20751-1354-4355-860d-a90d933c4008,paediatric.university,available,62.99,62.99,medium,low,10,namesilo,,,04/09/2026 22:51
4a45898c-a13d-4c5c-a58f-b0fe22dd9a15,aneroid.university,available,19.99,81.99,medium,low,7,name.com,,,
da372c53-f8ed-4f5d-91d1-a212eb373592,socks.university,available,62.99,62.99,high,low,5,namesilo,,,27/09/2026 08:18
0ba0bfa8-5ae8-44e6-b3c6-cebd6d369e47,took.university,available,19.99,,medium,low,4,name.com,,,
8682e8b2-698a-4195-ba7f-1a95eccfce91,bedpost.university,available,62.99,62.99,high,low,7,namesilo,,,22/09/2026 23:29
abc24e49-0195-47f5-9573-6ec82a1d6bbf,betrayal.university,available,62.99,62.99,medium,low,8,namesilo,,,23/09/2026 11:24
c030e8aa-a28b-4bf6-a03c-081875df96c3,gaussian.university,available,19.99,81.99,high,low,8,name.com,,,18/08/2026 20:52
6421e0eb-0f09-4c55-999e-ff67847c8375,sweeps.university,available,62.99,62.99,medium,low,6,namesilo,,,18/09/2026 07:58
6c99ab85-03e3-475c-9ab9-ced59af6666b,neighboring.university,available,19.99,,high,low,11,name.com,,,
d2e65e2e-e55c-49f9-8950-a46cfc418fbb,peacefully.university,available,65.98,77.98,high,low,10,namecheap,,,15/09/2026 19:23
1daf88ad-de57-482b-8cb6-df5e565eec3a,odorless.university,available,19.99,81.99,medium,low,8,name.com,,,22/08/2026 06:02
b90c8743-bd34-4c7f-9780-07efa5d63117,addict.university,available,65.98,77.98,high,low,6,namecheap,,,17/09/2026 06:48
8cb4f51f-6e2f-4a6d-bd5d-a36846c63b40,justin.university,available,65.98,77.98,high,medium,7,namecheap,,,25/09/2026 16:02
91f18c97-5ee8-4f17-bc76-212e11376a87,childly.university,available,19.99,81.99,medium,low,7,name.com,,,12/08/2026 05:14
89623d28-6b6f-47be-aa2d-c46eee76e1ac,rumbling.university,available,19.99,81.99,medium,low,8,name.com,,,20/08/2026 20:34
4968e4b9-3c00-4568-8f7d-e9fde3d4fffd,distributed.university,available,19.99,81.99,high,low,11,name.com,,,
65dc2d21-15c6-476e-9a66-008ad04bafe7,sophistication.university,available,19.99,,high,low,14,name.com,,,
46ac2132-17be-4450-a6f0-f94210399bc5,atropa.university,available,62.99,62.99,medium,low,6,namesilo,,,21/09/2026 00:54
3f8c0688-711c-4a02-bf25-e62b92c0fce5,childcare.university,available,62.99,62.99,high,low,10,namesilo,,,24/09/2026 14:36
aae7180e-910d-47e5-bfa9-dab40c755d54,rushed.university,available,62.99,62.99,high,low,6,namesilo,,,27/09/2026 17:29
0829f1f0-e997-44b2-90b7-1634db18af2e,vicky.university,available,48.2,48.2,medium,low,5,cloudflare,,,29/09/2026 03:57
858604e8-6472-4108-8b25-e21389d5eff2,atf.university,available,65.98,77.98,high,low,3,namecheap,,,20/09/2026 20:14
5f00301e-b4cd-4e41-b81a-8e2f3bf00f9c,agouti.university,available,65.98,77.98,medium,low,6,namecheap,,,17/09/2026 19:07
ab1f2226-66d8-44f6-9738-06b1de8229ff,peeved.university,available,19.99,81.99,medium,low,6,name.com,,,
b62aed6c-48c3-46e8-9f9c-1732c20e8be7,choc.university,available,19.99,,high,low,4,name.com,,,
7eb25dfe-9e3e-4b20-b3e4-b888b4ef653f,moistly.university,available,62.99,62.99,low,low,7,namesilo,,,14/09/2026 10:31
00897e7d-c825-4dd7-ab66-c3d5b554a9cf,bohme.university,available,65.98,77.98,high,low,5,namecheap,,,23/09/2026 03:34
0300ae72-1264-4123-93ee-bd3951e26b41,dishonest.university,available,19.99,81.99,medium,low,9,name.com,,,11/08/2026 03:44
9483178e-83f0-41d1-a27d-fb21819e0621,misty.university,available,19.99,81.99,high,low,5,name.com,,,11/08/2026 06:51
b75da2c4-f80c-4be0-abff-f0f79ca060d1,spectre.university,available,62.99,62.99,high,low,7,namesilo,,,08/09/2026 18:42
7cf1e053-5d57-4615-9e9e-f92120514f6d,bonfires.university,available,62.99,62.99,medium,low,8,namesilo,,,20/09/2026 12:29
5ef8b68c-3597-4ec8-bebd-5b82d44ec04d,albumen.university,available,62.99,62.99,high,low,7,namesilo,,,18/09/2026 03:31
9a5e45ea-e80d-4b46-a2ff-a681a40c3cb6,speedy.university,available,65.98,77.98,high,low,6,namecheap,,,09/09/2026 08:40
cf440bd6-f227-41f7-b57b-f24e29e55e53,satellite.university,available,19.99,81.99,high,low,9,name.com,,,09/09/2026 21:34
17e5a088-d1f6-427f-a00a-39542bde6edb,immortality.university,available,62.99,62.99,medium,low,11,namesilo,,,29/09/2026 05:02
acd7c536-21d4-4ab4-913e-4ee9d1ad6ad4,charges.university,available,65.98,77.98,medium,low,7,namecheap,,,25/09/2026 18:37
ab6a3822-de5d-45cd-8ece-1d6f3f61a4f5,atrophic.university,available,19.99,81.99,medium,low,8,name.com,,,07/08/2026 14:52
d6b1dbe4-75b3-46a8-a6d4-9e46696bb81b,seventy.university,available,19.99,81.99,high,low,7,name.com,,,
b9c43fcd-561d-4cf4-9360-3a29b2f86c0e,knocking.university,available,62.99,62.99,high,low,8,namesilo,,,25/09/2026 08:51
7d2afab9-f75d-408b-b391-c57f0ffa6d47,brabble.university,available,62.99,62.99,medium,low,7,namesilo,,,23/09/2026 13:20
834b8960-bdaf-4b6b-a136-f6aabe3128ee,vegetarian.university,available,19.99,,high,low,10,name.com,,,
3e94676a-dd5b-462b-86bf-a13ca18d6526,frog.university,available,19.99,81.99,high,low,4,name.com,,,05/08/2026 21:03
29ccefe4-26b4-44e3-bbbc-fc90a4748852,visibly.university,available,62.99,62.99,medium,low,7,namesilo,,,16/09/2026 11:04
10bc26c1-e97e-4f73-b8dd-e43c2e792625,baldly.university,available,62.99,62.99,medium,low,6,namesilo,,,13/09/2026 23:11
ee09e8f1-ea0f-486c-b1ad-dfe1d7fc46ab,dog.university,premium,68.51,68.51,high,medium,3,spaceship,,,28/09/2026 21:20
78aabd0a-3a7c-4cd7-90f9-b92345aaad4b,vague.university,available,62.99,62.99,high,low,5,namesilo,,,25/09/2026 23:34
26dcad41-9f3c-4656-b03d-51ac9ca18822,convoluted.university,available,19.99,81.99,medium,low,10,name.com,,,12/08/2026 23:59
8d330dcc-88d1-47eb-8b7b-76a6e8972356,buddy.university,available,48.2,48.2,high,medium,5,cloudflare,,,29/09/2026 05:01
0ab55e01-b2b7-4b51-b4d6-33f700a97918,impede.university,available,19.99,81.99,medium,low,6,name.com,,,21/08/2026 09:28
760b17dd-750b-44c6-ad31-eb163fa354c7,kruger.university,available,65.98,77.98,medium,low,6,namecheap,,,29/09/2026 01:31
8110bf69-b6d0-4e9d-95c1-12fd284ea66c,blackwood.university,available,62.99,62.99,medium,low,9,namesilo,,,24/09/2026 03:25
d004dcf0-6e43-4a30-8bdb-1b4ec6d9f92d,deputy.university,available,19.99,,high,low,6,name.com,,,
9ee21149-ecbd-4b21-ac95-898679129e07,nag.university,available,62.99,62.99,high,low,3,namesilo,,,24/09/2026 16:35
e7845368-9d4a-498f-9fe4-97896af0f7f8,quadruplex.university,available,19.99,81.99,medium,low,10,name.com,,,18/08/2026 13:26
2ed38cc1-55bb-48fb-ab58-a8ba089b81e6,likely.university,available,62.99,62.99,high,low,6,namesilo,,,25/09/2026 13:46
52a5f42e-489c-4689-bf19-640220d3d412,sadat.university,available,65.98,77.98,medium,low,5,namecheap,,,19/09/2026 15:58
530859f3-e173-482b-8d1a-b9cd5adc03c7,unframed.university,available,62.99,62.99,medium,low,8,namesilo,,,12/09/2026 10:41
0a381771-f202-4504-b808-3885493864b3,pedant.university,available,62.99,62.99,high,low,6,namesilo,,,09/09/2026 23:15
59e647f4-6061-4896-8bca-0cd9be6124fa,gifted.university,available,19.99,81.99,high,low,6,name.com,,,18/08/2026 23:27
ec0a6c57-9e02-4c90-8db9-93ee26c6998b,trashy.university,available,19.99,81.99,medium,low,6,name.com,,,18/08/2026 06:44
22aa6a75-40b3-425f-914c-9d59e9c66c89,actium.university,available,62.99,62.99,medium,low,6,namesilo,,,17/09/2026 05:08
2ddcb855-02a1-45c2-8c15-ee77229ba4c7,aditya.university,available,62.99,62.99,high,low,6,namesilo,,,17/09/2026 08:23
23c952dc-a5c9-402b-860a-d277548dbb7a,packsack.university,available,62.99,62.99,medium,low,8,namesilo,,,21/09/2026 14:40
4aca6cea-cfd5-4700-8847-dba5d85239fe,reflexion.university,available,62.99,62.99,high,low,9,namesilo,,,03/09/2026 11:28
940c9a8f-4707-471d-b10d-9c4d20d0bc6a,unfunny.university,available,62.99,62.99,medium,low,7,namesilo,,,12/09/2026 11:05
028c5851-d5d0-46ec-b078-8e91236337cd,mural.university,available,62.99,62.99,high,low,5,namesilo,,,03/09/2026 11:00
2c66f861-3656-4343-86f9-fc283cda24ff,irish.university,premium,118.8,118.8,high,low,5,namesilo,,,22/08/2026 09:54
ad7a242b-9fe9-4961-81d2-eea17a576c33,unity.university,available,62.99,62.99,high,medium,5,namesilo,,,21/09/2026 10:47
c22a4ff8-8577-433a-a25f-38fec4d8c854,devotes.university,available,62.99,62.99,medium,low,7,namesilo,,,20/09/2026 02:04
d6039c9f-d4bb-4fd3-81da-4f60238cfb93,cognizant.university,available,19.99,81.99,high,low,9,name.com,,,08/08/2026 00:13
34810e74-48ae-4e7f-b7c9-b143c9529726,migrator.university,available,19.99,81.99,medium,low,8,name.com,,,24/08/2026 22:51
eb2bfc7f-0b0f-431f-94af-0b81d79431e7,prudishly.university,available,62.99,62.99,low,low,9,namesilo,,,15/09/2026 21:53
a9da1be3-9a77-4702-91b4-49f9a143b81e,eyestrain.university,available,62.99,62.99,medium,low,9,namesilo,,,20/09/2026 17:21
e3d4ec9a-89d5-4a1e-a9ac-ba380e8dec2a,dvorak.university,available,65.98,77.98,medium,low,6,namecheap,,,19/09/2026 15:32
0aa8371c-9b3f-427a-b997-28f72aa90e0e,barefooted.university,available,19.99,81.99,medium,low,10,name.com,,,08/08/2026 18:59
bc40f6b9-90db-40ba-81a2-fa7dd13562e3,biometry.university,available,65.98,77.98,high,low,8,namecheap,,,23/09/2026 18:35
7df053f0-1e72-441a-ac9b-d96cf4fc244e,zoological.university,available,62.99,62.99,high,low,10,namesilo,,,13/09/2026 15:33
595cf123-d859-4975-b9a9-7d87579e81da,calvinist.university,available,19.99,81.99,medium,low,9,name.com,,,11/08/2026 15:24
e81581da-a3bb-4912-8d29-b0fb5b1c3020,homozygous.university,available,19.99,81.99,medium,low,10,name.com,,,21/08/2026 13:12
d2459b4f-32d3-4cb8-8d87-5ebd12753685,purposely.university,available,62.99,62.99,medium,low,9,namesilo,,,13/09/2026 17:36
28075201-50b2-432d-856b-d3621481c5b0,posters.university,available,19.99,,medium,low,7,name.com,,,
a78cbb81-8001-46e0-b49a-e5199cac126b,catarrhine.university,available,19.99,81.99,medium,low,10,name.com,,,11/08/2026 21:11
952bc366-7ffd-448f-99cd-18c000d83f53,thank.university,available,19.99,,high,low,5,name.com,,,
5f0b3f52-f52c-4fe6-81ea-7ac7e3698f0e,streamed.university,available,49.88,49.88,high,low,8,spaceship,,,28/09/2026 03:37
6b9492cc-e25c-4107-bb54-cd2cb642a153,recognised.university,available,65.98,77.98,high,low,10,namecheap,,,21/09/2026 15:30
7a82553e-a9d5-4c6f-b67e-21b8731b0876,acanthion.university,available,62.99,62.99,medium,low,9,namesilo,,,16/09/2026 20:39
8fc67fb9-d4de-4584-a837-6b4cf80f030e,germinal.university,available,19.99,81.99,medium,low,8,name.com,,,18/08/2026 22:49
2090ae4d-01a0-4dd6-ab24-178aeff4b2e7,paleozoic.university,available,62.99,62.99,medium,low,9,namesilo,,,04/09/2026 23:39
b5f37f0a-f42a-4feb-bb4f-4a0f604ae641,abused.university,available,19.99,81.99,high,low,6,name.com,,,
a3ead108-02a5-41be-b742-6ee6289b32ea,wagram.university,available,62.99,62.99,medium,low,6,namesilo,,,22/09/2026 16:18
144a74db-0bc9-43c2-9ae6-1a0b2f627b5a,cardiac.university,available,19.99,81.99,high,low,7,name.com,,,11/08/2026 18:53
27953561-2808-4bc6-a922-3023469dd90a,lateen.university,available,19.99,81.99,medium,low,6,name.com,,,22/08/2026 20:29
cfb2ad8a-9521-492a-aa44-128dda46a147,purple.university,available,62.99,62.99,high,medium,6,namesilo,,,24/09/2026 13:58
880ce78a-cd42-44b0-98ef-d1ed6167078e,pasture.university,available,49.88,49.88,high,low,7,spaceship,,,29/09/2026 00:44
20f83892-d139-4309-a839-6bd7b6edd433,bakunin.university,available,65.98,77.98,medium,low,7,namecheap,,,21/09/2026 20:26
bed1c793-318a-4883-bb21-8c264bef963a,watermelon.university,available,19.99,,high,low,10,name.com,,,
69a7750a-bda5-4d13-bd10-493a0c6e80c4,quite.university,available,62.99,62.99,high,low,5,namesilo,,,28/09/2026 16:35
b6d81d0e-5f02-498e-ae75-8c34dd25ab31,beguiled.university,available,19.99,81.99,medium,low,8,name.com,,,09/08/2026 09:46
d3a8a658-bf61-42e4-9e53-61a1f2f7191c,enlarge.university,available,19.99,81.99,high,low,7,name.com,,,15/08/2026 23:49
e1a09650-eadf-4b58-8bc0-d797430e85f9,trees.university,available,19.99,,high,low,5,name.com,,,
f748c073-f0aa-46c8-ab2b-e8a850017eb8,infant.university,available,10.92,51.58,high,low,6,dynadot,,,29/09/2026 00:05
e7e34664-9cb4-46ac-9c56-9262500d0ce8,ternion.university,available,19.99,81.99,medium,low,7,name.com,,,
cb027b9e-877c-4f15-9a3a-206c9b2e8b94,dawdler.university,available,19.99,81.99,medium,low,7,name.com,,,22/08/2026 18:40
19ed3896-13bd-445a-909a-f2c1e5f88ed9,acoustics.university,available,62.99,62.99,high,low,9,namesilo,,,17/09/2026 02:36
2402c72a-f5d7-4b06-80c5-a717bf9d774e,gur.university,available,62.99,62.99,medium,low,3,namesilo,,,13/09/2026 06:52
c21ccda8-fcd4-444e-a080-42a35a9cbf46,hired.university,available,19.99,81.99,high,low,5,name.com,,,12/08/2026 02:48
6359f4e7-2819-47a4-9610-c2fb758d45c9,absurd.university,available,19.99,81.99,high,low,6,name.com,,,
a28f4b1c-d797-45ce-98a7-a34f32e26d78,understands.university,available,49.88,49.88,high,low,11,spaceship,,,28/09/2026 00:05
aa3aaa7f-7d48-4004-853f-9a4669527c45,lucy.university,available,19.99,,high,low,4,name.com,,,
e76e4691-785f-4b19-8c21-9c4b7901c83a,plattensee.university,available,65.98,77.98,medium,low,10,namecheap,,,21/09/2026 21:22
32ca0146-79de-4536-95bb-35a45d9c643e,unaltered.university,available,19.99,81.99,medium,low,9,name.com,,,12/09/2026 00:30
c5f2cc35-4ab2-4942-b68b-814808d45971,abnormally.university,available,62.99,62.99,medium,low,10,namesilo,,,13/09/2026 16:24
edcafe6f-6a6c-466e-a919-583d3b68d5d0,accomplished.university,available,19.99,,high,low,12,name.com,,,
09381657-1918-45d8-90b4-6df5c5b702c4,halting.university,available,19.99,81.99,medium,low,7,name.com,,,13/08/2026 07:02
c8fb0ec3-9b91-40d1-adae-d49a650a6ea9,archangel.university,available,62.99,62.99,high,low,9,namesilo,,,19/09/2026 05:59
c1fd59e9-4324-4afa-87cb-c416ee4788ac,burt.university,available,62.99,62.99,medium,low,4,namesilo,,,25/09/2026 03:54
62d6f8e7-1fa6-493e-8e85-0da83cdc88bd,argus.university,available,62.99,62.99,high,low,5,namesilo,,,20/09/2026 04:53
dd941f4b-98bb-40b4-84f7-7b5ff0e6db57,wordy.university,available,19.99,81.99,medium,low,5,name.com,,,24/08/2026 09:32
ace54d50-d4c4-41a7-8e2c-1f31c6860733,gage.university,available,19.99,81.99,high,low,4,name.com,,,18/08/2026 19:51
dfdd042a-f03a-4ea0-b71a-6fc39a12dd69,servant.university,available,62.99,62.99,high,low,7,namesilo,,,25/09/2026 06:52
b94d75a5-3f9a-46f8-89f8-4cfbff3a4d84,andalusian.university,available,19.99,81.99,high,low,10,name.com,,,
d83cc168-9688-4ee6-bca5-443d40819409,buffet.university,available,62.99,62.99,high,low,6,namesilo,,,19/09/2026 17:05
7c795933-3f89-4dfc-bcbb-c942f2bdd91a,kitty.university,available,65.98,77.98,high,low,5,namecheap,,,25/09/2026 23:15
1f4efb85-838c-4ec0-a725-9aed8bb3bed2,scary.university,available,19.99,81.99,high,low,5,name.com,,,12/08/2026 05:23
de21ca89-1f52-44ad-af64-4dae83c44f17,speedup.university,available,19.99,,high,low,8,name.com,,,
e044e15e-a192-482d-9763-7b86f7b3de73,lanka.university,available,62.99,62.99,high,low,5,namesilo,,,25/09/2026 15:46
c4029323-ce98-4567-9351-9472b0fe537a,hieroglyph.university,available,19.99,81.99,medium,low,10,name.com,,,21/08/2026 08:33
a887946d-2de7-45b3-b42a-4cbbc7aff2f7,occupied.university,available,19.99,81.99,high,low,8,name.com,,,17/08/2026 07:34
e443d712-5589-4bcb-8908-e4d4becb7fec,develop.university,available,19.99,,high,low,7,name.com,,,
a90219d5-507b-4e79-b16e-5bf577702017,canal.university,available,19.99,,high,low,5,name.com,,,
b7a9f8e0-0d5c-457c-8726-459e6bc54096,adultery.university,available,62.99,62.99,medium,low,8,namesilo,,,17/09/2026 10:25
029a39df-1948-4233-88f1-4d55f350400a,patented.university,available,62.99,62.99,high,low,8,namesilo,,,08/09/2026 10:24
95c6179d-f6e0-4f5d-a353-4addbb3bfb6f,twentieth.university,available,62.99,62.99,high,low,9,namesilo,,,21/09/2026 12:27
b8bbc127-0763-41c5-b2e4-14cfbe9f9118,market.university,premium,118.8,118.8,high,medium,6,namesilo,,,19/09/2026 13:41
786fcf8f-bc99-427a-9125-9effdeb232ab,antithesis.university,available,62.99,62.99,medium,low,10,namesilo,,,19/09/2026 15:11
111daa2c-1698-4c5c-9af9-6513592bf974,term.university,available,19.99,,high,low,4,name.com,,,
f32b9ae8-d0b3-406b-a3b1-c34cd859882d,procedures.university,available,62.99,62.99,medium,low,10,namesilo,,,18/09/2026 17:33
fd8003d3-f010-4a9f-9140-03c930632cab,inhabit.university,available,19.99,81.99,high,low,7,name.com,,,24/08/2026 07:51
80bd8fd6-7ce7-4549-91d4-bd9de20d3973,diachronic.university,available,19.99,81.99,medium,low,10,name.com,,,14/08/2026 05:38
a3590880-6f11-414b-82e1-fb3ea42074c2,tallinn.university,available,49.88,49.88,medium,low,7,spaceship,,,29/09/2026 00:18
741a5f4b-4064-4131-9ca0-2aa96becc6ee,agential.university,available,19.99,81.99,medium,low,8,name.com,,,
a9413d60-7f81-4021-8a69-8357fe92c950,amatory.university,available,19.99,81.99,medium,low,7,name.com,,,
97b29226-24e0-4881-903d-abe41dc67595,usaid.university,available,49.88,49.88,medium,low,5,spaceship,,,28/09/2026 16:09
e700d7c8-44cc-4bb6-a887-2c51c52e3767,pickings.university,available,62.99,62.99,medium,low,8,namesilo,,,11/09/2026 07:21
39848391-3e63-436d-84be-ed87e296b8b7,lip.university,available,49.88,49.88,high,low,3,spaceship,,,29/09/2026 00:19
37f6235d-c3dd-4317-ab6a-1424e42f3f43,fittest.university,available,62.99,62.99,medium,low,7,namesilo,,,18/09/2026 04:12
9674f2d8-0708-46bf-8015-b0729b7772da,whom.university,available,19.99,,medium,low,4,name.com,,,
1ffb02fb-961b-4d3b-bf34-c1a5933cd0b8,cap.university,premium,118.8,118.8,high,low,3,namesilo,,,
72c4f263-e48c-4ec9-b4ff-8319ae5dcd0d,vested.university,available,62.99,62.99,high,low,6,namesilo,,,13/09/2026 04:49
0d3a9295-0fcb-4ec2-a067-28badb991ca5,mollify.university,available,19.99,81.99,high,low,7,name.com,,,18/08/2026 22:10
0737ceb5-cab3-4e45-ac35-85b044a59f37,craig.university,available,49.88,49.88,high,low,5,spaceship,,,27/09/2026 17:59
8c88a8f5-a779-4b42-ad89-f058f0c6dbf4,malleable.university,available,19.99,81.99,high,low,9,name.com,,,14/08/2026 20:52
85380912-5de9-4b33-81df-d5e6c9ee61e7,dissembler.university,available,65.98,77.98,medium,low,10,namecheap,,,08/09/2026 19:10
3fc634ab-4642-48b7-91c0-92931b343af8,lxxxii.university,available,19.99,81.99,medium,low,6,name.com,,,
e7690641-c151-4323-90c0-486ce4d16317,ravi.university,available,62.99,62.99,high,low,4,namesilo,,,29/09/2026 04:31
48de08e9-4f29-4401-b4f5-9b7f4d45be15,raiser.university,available,19.99,81.99,medium,low,6,name.com,,,17/09/2026 19:22
5987e6b1-2f5f-4917-b80e-3da789450a69,tectonics.university,available,62.99,62.99,medium,low,9,namesilo,,,20/09/2026 02:14
8b146c50-b236-41f3-beeb-feb4c3bc812f,neurogenic.university,available,62.99,62.99,medium,low,10,namesilo,,,03/09/2026 16:12
eb08c141-e3d8-46e6-b811-3282e37ef653,hiram.university,available,62.99,62.99,medium,low,5,namesilo,,,27/09/2026 19:47
7b0cd20b-9d08-4450-8f7e-c1265c151158,necromancy.university,available,19.99,81.99,medium,low,10,name.com,,,23/09/2026 23:53
121c3dde-c13d-44df-9310-af58720ab40d,natives.university,available,62.99,62.99,medium,low,7,namesilo,,,18/09/2026 01:41
06ac3320-a3fc-4cb9-ac1c-2bf59cda161f,halo.university,resell,,,high,medium,4,Dynadot Inc,02/07/2026 17:00,02/07/2027 17:00,28/09/2026 21:17
52496b09-97bc-4bdb-b5cc-ee48dac67659,bullish.university,available,62.99,62.99,high,low,7,namesilo,,,23/09/2026 10:43
9d2da020-70d1-4349-a8c9-be194c46ded1,ferric.university,available,19.99,81.99,medium,low,6,name.com,,,18/08/2026 02:07
c1d580bd-6d92-49b4-842a-393722c389da,geoffrey.university,available,62.99,62.99,medium,low,8,namesilo,,,25/09/2026 13:35
7c808b13-8d59-416b-9655-3c7d59c04c2c,elliot.university,available,62.99,62.99,high,low,6,namesilo,,,25/09/2026 21:48
e366472d-df3c-424f-b0a0-aace205c8b3a,shuttle.university,available,62.99,62.99,high,low,7,namesilo,,,27/09/2026 15:53
dcd93f19-6405-43d4-8778-53c87ffd93ee,executed.university,available,19.99,81.99,high,low,8,name.com,,,17/08/2026 16:55
4703af88-6d41-4b53-bfb4-43128c1e765a,mosses.university,available,49.88,49.88,low,low,6,spaceship,,,29/09/2026 05:08
a985e7d7-8e43-4d6a-8794-fe04e7541e38,har.university,available,49.88,49.88,high,low,3,spaceship,,,29/09/2026 03:11
43587773-bcfa-4c08-82f0-c3f9f185f6d4,postwar.university,available,62.99,62.99,medium,low,7,namesilo,,,09/09/2026 00:42
7c625d09-026a-435a-8c14-5e60359a7c06,variables.university,available,19.99,,medium,low,9,name.com,,,
73e525af-a287-4935-b986-20df8fcd1237,entity.university,available,62.99,62.99,high,low,6,namesilo,,,29/09/2026 02:32
a831b7ca-4f86-4050-afe4-88c178c4bd1d,mcdonald.university,available,19.99,,high,low,8,name.com,,,
f56e2c98-b986-4e0e-9317-774c225767e3,rare.university,available,65.98,77.98,high,medium,4,namecheap,,,27/09/2026 09:46
95b0c5db-fc74-4984-803c-8122c2a67cbf,domination.university,available,62.99,62.99,high,low,10,namesilo,,,24/09/2026 23:26
df5f9407-f377-4deb-b4a4-7fbc0e375922,emphasise.university,available,65.98,77.98,high,low,9,namecheap,,,16/09/2026 21:53
f8d64d76-ac7f-48f6-a235-3f599c5833c5,restraint.university,available,48.2,48.2,medium,low,9,cloudflare,,,28/09/2026 18:42
8253fee0-847a-4f8a-b2ac-924e61c6ab44,darkness.university,available,19.99,81.99,high,low,8,name.com,,,13/08/2026 17:53
0a0a5b68-eda0-4fe6-bdf3-3ba1a828b26e,schizoid.university,available,19.99,81.99,medium,low,8,name.com,,,09/09/2026 23:09
58e2e1f2-1c44-4c72-85ba-02de31fef429,jagged.university,available,19.99,81.99,medium,low,6,name.com,,,17/08/2026 12:32
7d16ceb1-dfc8-49bb-b053-674ae2bc40dc,tenanted.university,available,62.99,62.99,medium,low,8,namesilo,,,11/09/2026 11:09
ae5bfd83-77e2-4425-ab75-3036b9553e01,berkshires.university,available,19.99,81.99,medium,low,10,name.com,,,23/09/2026 09:35
0285247f-2fe7-461b-bf41-8570ae3c9b05,favored.university,available,65.98,77.98,high,low,7,namecheap,,,22/09/2026 20:01
20050cb5-174a-498e-b9ae-5e487f0ad6e7,val.university,available,62.99,62.99,high,low,3,namesilo,,,27/09/2026 06:29
7ee67006-a5c7-491c-b1fb-95875625e312,unscripted.university,available,19.99,81.99,medium,low,10,name.com,,,12/09/2026 19:05
1f48e24e-236d-4f60-abb4-61144b82144b,pusher.university,available,62.99,62.99,high,low,6,namesilo,,,21/09/2026 13:22
11cd2935-3296-4dd4-86bc-636b61da22f5,untrue.university,available,65.98,77.98,medium,low,6,namecheap,,,26/09/2026 03:18
55f0472d-25c7-4a43-989d-48ac31cd2b95,sloped.university,available,19.99,81.99,medium,low,6,name.com,,,07/08/2026 04:26
f61206ec-6799-4823-a315-04cdf7947357,african.university,available,19.99,81.99,high,low,7,name.com,,,
2f32711c-7325-4dcb-a8c6-096ab967aba7,suck.university,available,19.99,,high,low,4,name.com,,,
6b10becd-c1b4-49bf-95b0-6b4cec539ea1,peanut.university,available,62.99,62.99,high,low,6,namesilo,,,08/09/2026 11:13
94a2ab8d-ba03-42a0-9bdf-26e18a638308,incorrupt.university,available,19.99,81.99,high,low,9,name.com,,,22/08/2026 02:01
e143b7e7-d8e1-4379-900c-13b337cf5eab,biohazard.university,available,65.98,77.98,medium,low,9,namecheap,,,23/09/2026 18:14
9ac0941e-d871-4f32-b3f0-650283d790e5,protrusive.university,available,62.99,62.99,medium,low,10,namesilo,,,09/09/2026 04:20
0b594836-e948-4d2e-80b2-4a451fbc93dc,garden.university,premium,78.54,78.54,high,low,6,namesilo,,,28/09/2026 23:23
6c63ca15-8551-4cf9-8e4d-d9e1a5bf4f43,magazine.university,available,62.99,62.99,high,low,8,namesilo,,,25/09/2026 04:04
aec26324-040a-4156-ab9f-119957a3a9fb,structured.university,available,62.99,62.99,high,low,10,namesilo,,,10/09/2026 22:50
5588c87e-5633-4048-a610-00f43707f538,tolerable.university,available,62.99,62.99,medium,low,9,namesilo,,,24/09/2026 16:18
dbab2582-f769-4e97-844d-5e2eaf563868,runyon.university,available,62.99,62.99,medium,low,6,namesilo,,,18/09/2026 06:27